season,week,contestant,method1,method2,prob_method1,prob_method2,prob_difference,benefit_from_method1
27,1,Bobby Bones,rank_rank,percent_rank,0.021505376344086023,0.03296703296703297,-0.011461656622946945,false
27,2,Bobby Bones,rank_rank,percent_rank,0.025,0.02564102564102564,-0.0006410256410256387,false
27,3,Bobby Bones,rank_rank,percent_rank,0.029411764705882353,0.045454545454545456,-0.016042780748663103,false
27,4,Bobby Bones,rank_rank,percent_rank,0.017857142857142856,0.05454545454545454,-0.03668831168831169,false
27,5,Bobby Bones,rank_rank,percent_rank,0.021739130434782608,0.022222222222222223,-0.000483091787439615,false
27,6,Bobby Bones,rank_rank,percent_rank,0.0425531914893617,0.044444444444444446,-0.001891252955082745,false
27,7,Bobby Bones,rank_rank,percent_rank,0.07894736842105263,0.08333333333333333,-0.0043859649122807015,false
27,8,Bobby Bones,rank_rank,percent_rank,0.13636363636363635,0.14285714285714285,-0.006493506493506496,false
27,9,Bobby Bones,rank_rank,percent_rank,0.2,0.4,-0.2,false
