contestant_id,celebrity_name,season,weeks_competed,season_total_score,season_avg_weekly_score,season_avg_score,score_stddev,avg_rank,weeks_ranked_first,voting_method,celebrity_name_right,ballroom_partner,celebrity_industry,celebrity_homestate,celebrity_homecountry/region,celebrity_age_during_season,season_right,results,placement,is_controversy
John O'Hurley_S1,John O'Hurley,1,6,145.0,24.166666666666668,8.055555555555555,3.060501048303474,1.8333333333333333,2,rank_v1,John O'Hurley,Charlotte Jorgensen,Actor/Actress,Maine,United States,50,1,2nd Place,2,false
Trista Sutter_S1,Trista Sutter,1,2,37.0,18.5,6.166666666666666,0.7071067811865476,4.0,0,rank_v1,Trista Sutter,Louis van Amstel,TV Personality,Indiana,United States,32,1,Eliminated Week 2,6,false
Rachel Hunter_S1,Rachel Hunter,1,4,95.0,23.75,7.916666666666667,2.6299556396765835,1.5,2,rank_v1,Rachel Hunter,Jonathan Roberts,Model,,New Zealand,35,1,Eliminated Week 4,4,false
Evander Holyfield_S1,Evander Holyfield,1,3,45.0,15.0,5.0,2.6457513110645907,5.333333333333333,0,rank_v1,Evander Holyfield,Edyta Sliwinska,Athlete,Alabama,United States,42,1,Eliminated Week 3,5,false
Joey McIntyre_S1,Joey McIntyre,1,5,105.5,21.1,7.033333333333333,1.1401754250991376,3.2,0,rank_v1,Joey McIntyre,Ashly DelGrosso,Singer/Rapper,Massachusetts,United States,32,1,3rd Place,3,false
Kelly Monaco_S1,Kelly Monaco,1,6,128.0,21.333333333333332,7.111111111111111,5.5287129303904585,3.1666666666666665,2,rank_v1,Kelly Monaco,Alec Mazo,Actor/Actress,Pennsylvania,United States,29,1,1st Place,1,false
Tatum O'Neal_S2,Tatum O'Neal,2,2,40.0,20.0,6.666666666666667,4.242640687119285,5.0,0,rank_v1,Tatum O'Neal,Nick Kosovich,Actor/Actress,California,United States,42,2,Eliminated Week 2,9,false
Drew Lachey_S2,Drew Lachey,2,8,219.4998,27.437475,9.145825,1.761416841839059,1.375,5,rank_v1,Drew Lachey,Cheryl Burke,Singer/Rapper,Ohio,United States,29,2,1st Place,1,false
Kenny Mayne_S2,Kenny Mayne,2,1,13.0,13.0,4.333333333333333,,9.0,0,rank_v1,Kenny Mayne,Andrea Hale,Sports Broadcaster,Washington,United States,46,2,Eliminated Week 1,10,false
Giselle Fernandez_S2,Giselle Fernandez,2,3,69.0,23.0,7.666666666666667,1.0,4.0,0,rank_v1,Giselle Fernandez,Jonathan Roberts,News Anchor,,Mexico,44,2,Eliminated Week 3,8,false
Tia Carrere_S2,Tia Carrere,2,5,115.0,23.0,7.666666666666667,2.449489742783178,4.8,0,rank_v1,Tia Carrere,Maksim Chmerkoskiy,Actor/Actress,Hawaii,United States,39,2,Eliminated Week 5,6,false
George Hamilton_S2,George Hamilton,2,6,130.0,21.666666666666668,7.222222222222222,2.0655911179772892,5.5,0,rank_v1,George Hamilton,Edyta Sliwinska,Actor/Actress,Tennessee,United States,66,2,Eliminated Week 6,5,false
Jerry Rice_S2,Jerry Rice,2,8,180.16660000000002,22.520825000000002,7.506941666666666,2.3560586372462926,4.75,0,rank_v1,Jerry Rice,Anna Trebunskaya,Athlete,Mississippi,United States,43,2,2nd Place,2,true
Stacy Keibler_S2,Stacy Keibler,2,8,220.16649999999998,27.520812499999998,9.173604166666667,2.641894800780844,2.0,3,rank_v1,Stacy Keibler,Tony Dovolani,Athlete,Maryland,United States,26,2,3rd Place,3,false
Master P_S2,Master P,2,4,50.0,12.5,4.166666666666667,3.415650255319866,8.5,0,rank_v1,Master P,Ashly DelGrosso,Singer/Rapper,Louisiana,United States,35,2,Eliminated Week 4,7,false
Lisa Rinna_S2,Lisa Rinna,2,7,168.5,24.071428571428573,8.023809523809524,3.2201005603936688,4.142857142857143,0,rank_v1,Lisa Rinna,Louis van Amstel,Actor/Actress,California,United States,42,2,Eliminated Week 7,4,false
Monique Coleman_S3,Monique Coleman,3,8,199.5,24.9375,8.3125,2.833946012188658,4.0,0,percentage,Monique Coleman,Louis van Amstel,Actor/Actress,South Carolina,United States,25,3,Eliminated Week 8,4,false
Tucker Carlson_S3,Tucker Carlson,3,1,12.0,12.0,4.0,,11.0,0,percentage,Tucker Carlson,Elena Grinenko,TV Personality,California,United States,37,3,Eliminated Week 1,11,false
Harry Hamlin_S3,Harry Hamlin,3,3,60.0,20.0,6.666666666666667,2.6457513110645907,7.333333333333333,0,percentage,Harry Hamlin,Ashly DelGrosso,Actor/Actress,California,United States,54,3,Eliminated Week 3,9,false
Joey Lawrence_S3,Joey Lawrence,3,9,233.0,25.88888888888889,8.62962962962963,3.0697900760656434,3.3333333333333335,1,percentage,Joey Lawrence,Edyta Sliwinska,Actor/Actress,Pennsylvania,United States,30,3,3rd Place,3,false
Jerry Springer_S3,Jerry Springer,3,7,143.0,20.428571428571427,6.809523809523809,2.878491668515698,7.142857142857143,0,percentage,Jerry Springer,Kym Johnson,TV Personality,,England,62,3,Eliminated Week 7,5,false
Mario Lopez_S3,Mario Lopez,3,10,268.6666,26.866660000000003,8.955553333333333,3.0447214797635156,2.7,6,percentage,Mario Lopez,Karina Smirnoff,Actor/Actress,California,United States,32,3,2nd Place,2,false
Shanna Moakler_S3,Shanna Moakler,3,2,40.0,20.0,6.666666666666666,2.8284271247461903,6.5,0,percentage,Shanna Moakler,Jesse DeSoto,Model,Rhode Island,United States,31,3,Eliminated Week 2,10,false
Willa Ford_S3,Willa Ford,3,5,122.0,24.4,8.133333333333335,2.880972058177587,3.4,0,percentage,Willa Ford,Maksim Chmerkoskiy,Singer/Rapper,Florida,United States,25,3,Eliminated Week 5,7,false
Sara Evans_S3,Sara Evans,3,5,105.0,21.0,7.0,3.9370039370059056,7.0,0,percentage,Sara Evans,Tony Dovolani,Singer/Rapper,Missouri,United States,35,3,Withdrew,6,false
Emmitt Smith_S3,Emmitt Smith,3,10,257.6666,25.76666,8.588886666666667,3.255755246124416,2.9,2,percentage,Emmitt Smith,Cheryl Burke,Athlete,Florida,United States,37,3,1st Place,1,false
Vivica A. Fox_S3,Vivica A. Fox,3,4,97.0,24.25,8.083333333333332,2.0615528128088303,3.25,1,percentage,Vivica A. Fox,Nick Kosovich,Actor/Actress,Indiana,United States,42,3,Eliminated Week 4,8,false
Clyde Drexler_S4,Clyde Drexler,4,5,78.0,15.6,5.2,1.8165902124584952,9.4,0,percentage,Clyde Drexler,Elena Grinenko,Athlete,Louisiana,United States,44,4,Eliminated Week 5,8,false
Paulina Porizkova_S4,Paulina Porizkova,4,2,40.0,20.0,6.666666666666666,1.4142135623730951,7.0,0,percentage,Paulina Porizkova,Alec Mazo,Model,,Czechoslovakia,41,4,Eliminated Week 2,11,false
Apolo Anton Ohno_S4,Apolo Anton Ohno,4,10,268.8332,26.883319999999998,8.961106666666668,2.9731703994221403,2.2,4,percentage,Apolo Anton Ohno,Julianne Hough,Athlete,Washington,United States,24,4,1st Place,1,false
Laila Ali_S4,Laila Ali,4,10,262.3332,26.23332,8.74444,3.3565762982870244,2.7,3,percentage,Laila Ali,Maksim Chmerkoskiy,Athlete,Florida,United States,29,4,3rd Place,3,false
Joey Fatone_S4,Joey Fatone,4,10,267.6665,26.76665,8.922216666666667,2.350713840162884,2.2,2,percentage,Joey Fatone,Kym Johnson,Singer/Rapper,New York,United States,30,4,2nd Place,2,false
John Ratzenberger_S4,John Ratzenberger,4,7,133.5,19.071428571428573,6.357142857142857,2.280872848797353,7.0,0,percentage,John Ratzenberger,Edyta Sliwinska,Actor/Actress,Connecticut,United States,59,4,Eliminated Week 7,6,false
Shandi Finnessey_S4,Shandi Finnessey,4,3,60.0,20.0,6.666666666666667,1.0,7.666666666666667,0,percentage,Shandi Finnessey,Brian Fortuna,Beauty Pagent,Missouri,United States,28,4,Eliminated Week 3,10,false
Leeza Gibbons_S4,Leeza Gibbons,4,4,76.0,19.0,6.333333333333333,4.242640687119285,7.25,0,percentage,Leeza Gibbons,Tony Dovolani,TV Personality,South Carolina,United States,50,4,Eliminated Week 4,9,false
Billy Ray Cyrus_S4,Billy Ray Cyrus,4,8,152.0,19.0,6.333333333333333,2.8284271247461903,6.75,0,percentage,Billy Ray Cyrus,Karina Smirnoff,Singer/Rapper,Kentucky,United States,45,4,Eliminated Week 8,5,true
Ian Ziering_S4,Ian Ziering,4,9,218.5,24.27777777777778,8.092592592592592,2.4123524710216877,3.6666666666666665,1,percentage,Ian Ziering,Cheryl Burke,Actor/Actress,New Jersey,United States,42,4,Eliminated Week 9,4,false
Heather Mills_S4,Heather Mills,4,6,133.0,22.166666666666668,7.388888888888889,2.3166067138525404,4.666666666666667,0,percentage,Heather Mills,Jonathan Roberts,Model,,England,39,4,Eliminated Week 6,7,false
Mark Cuban_S5,Mark Cuban,5,5,102.0,20.4,6.8,1.51657508881031,8.4,0,percentage,Mark Cuban,Kym Johnson,TV Personality,Pennsylvania,United States,49,5,Eliminated Week 5,8,false
Josie Maran_S5,Josie Maran,5,1,16.0,16.0,5.333333333333333,,12.0,0,percentage,Josie Maran,Alec Mazo,Model,California,United States,29,5,Eliminated Week 1,12,false
Helio Castroneves_S5,Helio Castroneves,5,10,266.4999,26.649990000000003,8.88333,2.1608827930835237,2.8,3,percentage,Helio Castroneves,Julianne Hough,Racing Driver,,Brazil,32,5,1st Place,1,false
Albert Reed_S5,Albert Reed,5,2,42.0,21.0,7.0,0.0,8.0,0,percentage,Albert Reed,Anna Trebunskaya,Model,Florida,United States,22,5,Eliminated Week 2,11,false
Mel B_S5,Mel B,5,10,272.3332,27.23332,9.077773333333333,2.362509024462481,2.5,4,percentage,Mel B,Maksim Chmerkoskiy,Singer/Rapper,,England,32,5,2nd Place,2,false
Floyd Mayweather Jr. _S5,Floyd Mayweather Jr. ,5,4,83.0,20.75,6.916666666666667,2.0615528128088303,8.5,0,percentage,Floyd Mayweather Jr. ,Karina Smirnoff,Athlete,Michigan,United States,30,5,Eliminated Week 4,9,false
Sabrina Bryan_S5,Sabrina Bryan,5,6,162.0,27.0,9.0,1.7888543819998317,2.0,2,percentage,Sabrina Bryan,Mark Ballas,Actor/Actress,California,United States,23,5,Eliminated Week 6,7,false
Jane Seymour_S5,Jane Seymour,5,7,171.0,24.428571428571427,8.142857142857142,2.2253945610567474,4.571428571428571,1,percentage,Jane Seymour,Tony Dovolani,Actor/Actress,,England,56,5,Eliminated Week 7,6,false
Wayne Newton_S5,Wayne Newton,5,3,52.0,17.333333333333332,5.777777777777778,2.081665999466133,10.333333333333334,0,percentage,Wayne Newton,Cheryl Burke,Singer/Rapper,Virginia,United States,65,5,Eliminated Week 3,10,false
Marie Osmond_S5,Marie Osmond,5,10,242.5,24.25,8.083333333333332,2.3003622903070435,5.0,0,percentage,Marie Osmond,Jonathan Roberts,Singer/Rapper,Utah,United States,47,5,3rd Place,3,false
Cameron Mathison_S5,Cameron Mathison,5,8,194.0,24.25,8.083333333333334,2.2990681342044392,4.875,0,percentage,Cameron Mathison,Edyta Sliwinska,Actor/Actress,,Canada,38,5,Eliminated Week 8,5,false
Jennie Garth_S5,Jennie Garth,5,9,227.5,25.27777777777778,8.425925925925926,2.705447180124654,4.333333333333333,0,percentage,Jennie Garth,Derek Hough,Actor/Actress,Illinois,United States,35,5,Eliminated Week 9,4,false
Marlee Matlin_S6,Marlee Matlin,6,6,134.0,22.333333333333332,7.444444444444444,1.3662601021279468,6.5,0,percentage,Marlee Matlin,Fabian Sanchez,Actor/Actress,Illinois,United States,42,6,Eliminated Week 6,7,false
Cristian de la Fuente_S6,Cristian de la Fuente,6,10,247.5,24.75,8.25,2.8987545218210142,4.3,1,percentage,Cristian de la Fuente,Cheryl Burke,Actor/Actress,,Chile,34,6,3rd Place,3,false
Priscilla Presley_S6,Priscilla Presley,6,5,114.0,22.8,7.6,2.16794833886788,5.2,0,percentage,Priscilla Presley,Louis van Amstel,Actor/Actress,New York,United States,62,6,Eliminated Week 5,8,false
Monica Seles_S6,Monica Seles,6,2,30.0,15.0,5.0,0.0,11.5,0,percentage,Monica Seles,Jonathan Roberts,Athlete,,Yugoslavia,34,6,Eliminated Week 2,11,false
Shannon Elizabeth_S6,Shannon Elizabeth,6,7,169.5,24.214285714285715,8.071428571428571,2.1574897229794407,4.571428571428571,0,percentage,Shannon Elizabeth,Derek Hough,Actor/Actress,Texas,United States,34,6,Eliminated Week 7,6,false
Kristi Yamaguchi_S6,Kristi Yamaguchi,6,10,282.0,28.2,9.4,1.2516655570345725,1.3,7,percentage,Kristi Yamaguchi,Mark Ballas,Athlete,California,United States,36,6,1st Place,1,false
Adam Carolla_S6,Adam Carolla,6,4,74.0,18.5,6.166666666666666,2.5166114784235836,9.25,0,percentage,Adam Carolla,Julianne Hough,Radio Personality,California,United States,43,6,Eliminated Week 4,9,false
Penn Jillette_S6,Penn Jillette,6,2,33.0,16.5,5.5,0.7071067811865476,10.0,0,percentage,Penn Jillette,Kym Johnson,Magician,Massachusetts,United States,53,6,Eliminated Week 2,12,false
Jason Taylor_S6,Jason Taylor,6,10,261.5,26.15,8.716666666666665,2.3693646593314597,3.0,2,percentage,Jason Taylor,Edyta Sliwinska,Athlete,Pennsylvania,United States,33,6,2nd Place,2,false
Steve Guttenberg_S6,Steve Guttenberg,6,3,55.0,18.333333333333332,6.111111111111111,2.5166114784235836,9.333333333333334,0,percentage,Steve Guttenberg,Anna Trebunskaya,Actor/Actress,New York,United States,49,6,Eliminated Week 3,10,false
Marissa Jaret Winokur_S6,Marissa Jaret Winokur,6,9,209.0,23.22222222222222,7.74074074074074,3.1135902820449006,5.777777777777778,0,percentage,Marissa Jaret Winokur,Tony Dovolani,Actor/Actress,New York,United States,35,6,Eliminated Week 9,4,false
Mario_S6,Mario,6,8,202.0,25.25,8.416666666666666,2.2038926600773596,3.625,0,percentage,Mario,Karina Smirnoff,Singer/Rapper,Maryland,United States,21,6,Eliminated Week 8,5,false
Lance Bass_S7,Lance Bass,7,10,243.5,24.35,8.116666666666667,3.009706519468855,3.3,3,percentage,Lance Bass,Lacey Schwimmer,Singer/Rapper,Mississippi,United States,29,7,3rd Place,3,false
Susan Lucci_S7,Susan Lucci,7,7,153.5,21.928571428571427,7.30952380952381,1.966989481173607,5.142857142857143,0,percentage,Susan Lucci,Tony Dovolani,Actor/Actress,New York,United States,61,7,Eliminated Week 7,6,false
Jeffrey Ross_S7,Jeffrey Ross,7,1,12.0,12.0,4.0,,13.0,0,percentage,Jeffrey Ross,Edyta Sliwinska,Comedian,New Jersey,United States,43,7,Eliminated Week 1,13,false
Maurice Greene_S7,Maurice Greene,7,8,179.5,22.4375,7.479166666666667,2.94518371971209,5.25,0,percentage,Maurice Greene,Cheryl Burke,Athlete,Kansas,United States,34,7,Eliminated Week 8,5,false
Brooke Burke_S7,Brooke Burke,7,10,269.5,26.95,8.983333333333333,2.27852291335125,1.3,7,percentage,Brooke Burke,Derek Hough,TV Personality,Connecticut,United States,37,7,1st Place,1,false
Kim Kardashian_S7,Kim Kardashian,7,2,35.5,17.75,5.916666666666667,1.0606601717798212,9.5,0,percentage,Kim Kardashian,Mark Ballas,TV Personality,California,United States,27,7,Eliminated Week 2,11,false
Cody Linley_S7,Cody Linley,7,9,205.5,22.833333333333332,7.611111111111111,2.2638462845343543,4.444444444444445,0,percentage,Cody Linley,Julianne Hough,Actor/Actress,Texas,United States,18,7,Eliminated Week 9,4,false
Rocco DiSpirito_S7,Rocco DiSpirito,7,4,71.5,17.875,5.958333333333333,1.6520189667999179,9.5,0,percentage,Rocco DiSpirito,Karina Smirnoff,TV Personality,New York,United States,41,7,Eliminated Week 4,9,false
Misty May-Treanor_S7,Misty May-Treanor,7,2,42.0,21.0,7.0,0.0,5.5,0,percentage,Misty May-Treanor,Maksim Chmerkoskiy,Athlete,California,United States,31,7,Withdrew,10,false
Warren Sapp_S7,Warren Sapp,7,10,242.5,24.25,8.083333333333332,2.188987589427283,3.4,0,percentage,Warren Sapp,Kym Johnson,Athlete,Florida,United States,35,7,2nd Place,2,false
Ted McGinley_S7,Ted McGinley,7,1,18.5,18.5,6.166666666666667,,9.0,0,percentage,Ted McGinley,Inna Brayer,Actor/Actress,California,United States,50,7,Eliminated Week 1,12,false
Cloris Leachman_S7,Cloris Leachman,7,6,105.0,17.5,5.833333333333333,3.146426544510455,8.666666666666666,0,percentage,Cloris Leachman,Corky Ballas,Actor/Actress,Iowa,United States,82,7,Eliminated Week 6,7,false
Toni Braxton_S7,Toni Braxton,7,5,111.5,22.3,7.433333333333333,0.44721359549995804,4.6,0,percentage,Toni Braxton,Alec Mazo,Singer/Rapper,Maryland,United States,40,7,Eliminated Week 5,8,false
Belinda Carlisle_S8,Belinda Carlisle,8,2,35.0,17.5,5.833333333333334,0.7071067811865476,9.5,0,percentage,Belinda Carlisle,Jonathan Roberts,Singer/Rapper,California,United States,50,8,Eliminated Week 2,13,false
Melissa Rycroft_S8,Melissa Rycroft,8,11,293.5,26.681818181818183,8.893939393939393,2.2053653583105826,2.4545454545454546,3,percentage,Melissa Rycroft,Tony Dovolani,TV Personality,Texas,United States,26,8,3rd Place,3,false
Lil' Kim_S8,Lil' Kim,8,9,230.0,25.555555555555557,8.518518518518519,2.2973414586817036,3.111111111111111,2,percentage,Lil' Kim,Derek Hough,Singer/Rapper,New York,United States,34,8,Eliminated Week 9,5,false
Steve Wozniak_S8,Steve Wozniak,8,4,52.0,13.0,4.333333333333333,2.9439202887759492,11.75,0,percentage,Steve Wozniak,Karina Smirnoff,Entrepreneur,California,United States,58,8,Eliminated Week 4,10,false
Shawn Johnson_S8,Shawn Johnson,8,11,291.0,26.454545454545453,8.818181818181818,2.018099916438051,2.8181818181818183,1,percentage,Shawn Johnson,Mark Ballas,Athlete,Iowa,United States,17,8,1st Place,1,false
Steve-O_S8,Steve-O,8,6,95.0,15.833333333333334,5.277777777777778,1.4719601443879742,10.166666666666666,0,percentage,Steve-O,Lacey Schwimmer,TV Personality,,England,34,8,Eliminated Week 6,8,false
Lawrence Taylor_S8,Lawrence Taylor,8,7,138.0,19.714285714285715,6.571428571428571,1.8898223650461359,7.714285714285714,0,percentage,Lawrence Taylor,Edyta Sliwinska,Athlete,Virginia,United States,50,8,Eliminated Week 7,7,false
Ty Murray_S8,Ty Murray,8,10,218.0,21.8,7.2666666666666675,3.6453928305312844,6.1,0,percentage,Ty Murray,Chelsie Hightower,Athlete,Arizona,United States,39,8,Eliminated Week 10,4,false
Holly Madison_S8,Holly Madison,8,4,69.0,17.25,5.75,0.9574271077563385,8.75,0,percentage,Holly Madison,Dmitry Chaplin,TV Personality,Oregon,United States,30,8,Eliminated Week 4,11,false
David Alan Grier_S8,David Alan Grier,8,5,104.0,20.8,6.933333333333333,2.7748873851023212,7.0,0,percentage,David Alan Grier,Kym Johnson,Actor/Actress,Michigan,United States,52,8,Eliminated Week 5,9,false
Chuck Wicks_S8,Chuck Wicks,8,8,183.5,22.9375,7.645833333333334,2.4266010914740095,5.75,0,percentage,Chuck Wicks,Julianne Hough,Singer/Rapper,Delaware,United States,29,8,Eliminated Week 8,6,false
Gilles Marini_S8,Gilles Marini,8,11,304.5,27.681818181818183,9.227272727272727,1.7926618096106033,1.9090909090909092,5,percentage,Gilles Marini,Cheryl Burke,Actor/Actress,,France,33,8,2nd Place,2,false
Denise Richards_S8,Denise Richards,8,3,55.0,18.333333333333332,6.111111111111111,2.5166114784235827,7.333333333333333,0,percentage,Denise Richards,Maksim Chmerkoskiy,Actor/Actress,Illinois,United States,38,8,Eliminated Week 3,12,false
Macy Gray_S9,Macy Gray,9,1,18.9999,18.9999,6.3333,,15.0,0,percentage,Macy Gray,Jonathan Roberts,Singer/Rapper,Ohio,United States,42,9,Eliminated Week 1,15,false
Aaron Carter_S9,Aaron Carter,9,8,206.4997,25.8124625,8.604154166666667,5.070427391661095,3.875,0,percentage,Aaron Carter,Karina Smirnoff,Singer/Rapper,Florida,United States,21,9,Eliminated Week 8,5,false
Joanna Krupa_S9,Joanna Krupa,9,9,243.4998,27.055533333333333,9.018511111111112,5.077142952241939,2.7777777777777777,3,percentage,Joanna Krupa,Derek Hough,Model,,Poland,30,9,Eliminated Week 9,4,false
Tom DeLay_S9,Tom DeLay,9,3,52.9999,17.666633333333333,5.888877777777778,2.5165651200263683,12.666666666666666,0,percentage,Tom DeLay,Cheryl Burke,Politician,Texas,United States,62,9,Withdrew,13,false
Mark Dacascos_S9,Mark Dacascos,9,7,169.4998,24.214257142857143,8.071419047619047,4.965324044093915,6.0,0,percentage,Mark Dacascos,Lacey Schwimmer,Actor/Actress,Hawaii,United States,45,9,Eliminated Week 7,6,false
Donny Osmond_S9,Donny Osmond,9,10,264.6662,26.46662,8.822206666666666,3.15520052851021,3.6,2,percentage,Donny Osmond,Kym Johnson,Singer/Rapper,Utah,United States,51,9,1st Place,1,false
Natalie Coughlin_S9,Natalie Coughlin,9,5,119.9998,23.999959999999998,7.999986666666667,2.5494509228459368,5.6,0,percentage,Natalie Coughlin,Alec Mazo,Athlete,California,United States,27,9,Eliminated Week 5,10,false
Kelly Osbourne_S9,Kelly Osbourne,9,10,244.7216,24.47216,8.157386666666667,3.3584126922633497,5.3,0,percentage,Kelly Osbourne,Louis van Amstel,TV Personality,,England,24,9,3rd Place,3,false
Ashley Hamiliton_S9,Ashley Hamiliton,9,1,18.9999,18.9999,6.3333,,16.0,0,percentage,Ashley Hamiliton,Edyta Sliwinska,Actor/Actress,California,United States,34,9,Eliminated Week 1,16,false
Debi Mazar_S9,Debi Mazar,9,3,60.0,20.0,6.666666666666667,2.6457513110645907,8.0,0,percentage,Debi Mazar,Maksim Chmerkoskiy,Actor/Actress,New York,United States,45,9,Eliminated Week 3,12,false
Louie Vito_S9,Louie Vito,9,6,127.9998,21.333299999999998,7.1111,3.88152203909755,8.333333333333334,0,percentage,Louie Vito,Chelsie Hightower,Athlete,Ohio,United States,21,9,Eliminated Week 6,8,false
Melissa Joan Hart_S9,Melissa Joan Hart,9,6,136.9999,22.833316666666665,7.6111055555555565,3.4302507199425913,7.166666666666667,0,percentage,Melissa Joan Hart,Mark Ballas,Actor/Actress,New York,United States,33,9,Eliminated Week 6,9,false
Kathy Ireland_S9,Kathy Ireland,9,2,37.9999,18.99995,6.333316666666667,1.4141428516949752,13.0,0,percentage,Kathy Ireland,Tony Dovolani,Model,California,United States,46,9,Eliminated Week 2,14,false
Chuck Liddell_S9,Chuck Liddell,9,4,75.0,18.75,6.25,2.362907813126304,10.25,0,percentage,Chuck Liddell,Anna Trebunskaya,Athlete,California,United States,39,9,Eliminated Week 4,11,false
Michael Irvin_S9,Michael Irvin,9,7,135.4998,19.357114285714285,6.452371428571429,3.350524480052127,10.0,0,percentage,Michael Irvin,Anna Demidova,Athlete,Florida,United States,43,9,Eliminated Week 7,7,false
Mya_S9,Mya,9,10,284.33299999999997,28.433299999999996,9.477766666666666,2.37423048024688,1.9,5,percentage,Mya,Dmitry Chaplin,Singer/Rapper,Washington D.C.,United States,29,9,2nd Place,2,false
Evan Lysacek_S10,Evan Lysacek,10,10,262.8887,26.288869999999996,8.762956666666666,1.7781178851371033,2.2,2,percentage,Evan Lysacek,Anna Trebunskaya,Athlete,Illinois,United States,24,10,2nd Place,2,false
Chad Ochocinco_S10,Chad Ochocinco,10,9,199.4999,22.166655555555554,7.388885185185185,4.808823054321896,5.333333333333333,0,percentage,Chad Ochocinco,Cheryl Burke,Athlete,Florida,United States,32,10,Eliminated Week 9,4,false
Kate Gosselin_S10,Kate Gosselin,10,5,77.0,15.4,5.133333333333333,0.5477225575051662,9.0,0,percentage,Kate Gosselin,Tony Dovolani,TV Personality,Pennsylvania,United States,35,10,Eliminated Week 5,8,false
Aiden Turner_S10,Aiden Turner,10,4,70.5,17.625,5.875,2.286737122335374,8.25,0,percentage,Aiden Turner,Edyta Sliwinska,Actor/Actress,,England,32,10,Eliminated Week 4,9,false
Pamela Anderson_S10,Pamela Anderson,10,7,163.9998,23.428542857142855,7.809514285714286,3.3469303642079473,4.0,0,percentage,Pamela Anderson,Damian Whitewood,Model,,Canada,42,10,Eliminated Week 7,6,false
Jake Pavelka_S10,Jake Pavelka,10,6,127.9999,21.333316666666665,7.1111055555555565,2.2508931564307217,5.5,0,percentage,Jake Pavelka,Chelsie Hightower,TV Personality,Texas,United States,32,10,Eliminated Week 6,7,false
Erin Andrews_S10,Erin Andrews,10,10,249.4998,24.94998,8.31666,4.212734398833033,3.2,0,percentage,Erin Andrews,Maksim Chmerkoskiy,Sports Broadcaster,Maine,United States,32,10,3rd Place,3,false
Niecy Nash_S10,Niecy Nash,10,8,167.9998,20.999975,6.999991666666666,3.035457132789063,6.0,0,percentage,Niecy Nash,Louis van Amstel,Actor/Actress,California,United States,40,10,Eliminated Week 8,5,false
Buzz Aldrin_S10,Buzz Aldrin,10,3,39.0,13.0,4.333333333333333,1.0,10.666666666666666,0,percentage,Buzz Aldrin,Ashly DelGrosso,Astronaut,New Jersey,United States,80,10,Eliminated Week 3,10,false
Shannen Doherty_S10,Shannen Doherty,10,2,38.0,19.0,6.333333333333334,1.4142135623730951,7.0,0,percentage,Shannen Doherty,Mark Ballas,Actor/Actress,Tennessee,United States,38,10,Eliminated Week 2,11,false
Nicole Scherzinger_S10,Nicole Scherzinger,10,10,280.7776,28.07776,9.359253333333333,3.559693356393996,1.3,8,percentage,Nicole Scherzinger,Derek Hough,Singer/Rapper,Hawaii,United States,31,10,1st Place,1,false
David Hasselhoff_S11,David Hasselhoff,11,1,15.0,15.0,5.0,,10.0,0,percentage,David Hasselhoff,Kym Johnson,Actor/Actress,Maryland,United States,58,11,Eliminated Week 1,12,false
Kyle Massey_S11,Kyle Massey,11,10,255.8331,25.58331,8.248603333333332,4.6102580873646435,3.8,0,percentage,Kyle Massey,Lacey Schwimmer,Actor/Actress,Georgia,United States,19,11,2nd Place,2,false
Bristol Palin_S11,Bristol Palin,11,10,229.1664,22.91664,7.368046666666666,5.278775812460899,6.1,0,percentage,Bristol Palin,Mark Ballas,TV Personality,Alaska,United States,19,11,3rd Place,3,true
Margaret Cho_S11,Margaret Cho,11,3,51.0,17.0,5.666666666666667,1.7320508075688772,10.333333333333334,0,percentage,Margaret Cho,Louis van Amstel,Comedian,California,United States,41,11,Eliminated Week 3,10,false
Florence Henderson_S11,Florence Henderson,11,5,95.5,19.1,6.366666666666666,1.431782106327635,6.8,0,percentage,Florence Henderson,Corky Ballas,Actor/Actress,Indiana,United States,76,11,Eliminated Week 5,8,false
Jennifer Grey_S11,Jennifer Grey,11,10,279.0,27.9,8.995833333333334,3.9214509786273974,2.0,5,percentage,Jennifer Grey,Derek Hough,Actor/Actress,New York,United States,50,11,1st Place,1,false
Audrina Patridge_S11,Audrina Patridge,11,6,145.9998,24.333299999999998,8.1111,4.366469207494769,3.0,1,percentage,Audrina Patridge,Tony Dovolani,TV Personality,California,United States,25,11,Eliminated Week 6,7,false
Michael Bolton_S11,Michael Bolton,11,2,28.0,14.0,4.666666666666666,2.8284271247461903,10.0,0,percentage,Michael Bolton,Chelsie Hightower,Singer/Rapper,Connecticut,United States,57,11,Eliminated Week 2,11,false
Kurt Warner_S11,Kurt Warner,11,8,184.9999,23.1249875,7.343745833333333,5.3835095431558395,5.25,0,percentage,Kurt Warner,Anna Trebunskaya,Athlete,Iowa,United States,39,11,Eliminated Week 8,5,false
The Situation_S11,The Situation,11,4,67.0,16.75,5.583333333333334,2.753785273643051,9.5,0,percentage,The Situation,Karina Smirnoff,TV Personality,New York,United States,28,11,Eliminated Week 4,9,false
Rick Fox_S11,Rick Fox,11,7,175.0,25.0,7.922619047619047,5.361902647381804,3.857142857142857,0,percentage,Rick Fox,Cheryl Burke,Athlete,,Canada,41,11,Eliminated Week 7,6,false
Brandy_S11,Brandy,11,9,248.4999,27.6111,8.865737037037038,5.504398367669257,2.3333333333333335,4,percentage,Brandy,Maksim Chmerkoskiy,Singer/Rapper,Mississippi,United States,31,11,Eliminated Week 9,4,false
Mike Catherwood_S12,Mike Catherwood,12,2,30.0,15.0,5.0,2.8284271247461903,10.0,0,percentage,Mike Catherwood,Lacey Schwimmer,Radio Personality,California,United States,32,12,Eliminated Week 2,11,false
Petra Nemcova_S12,Petra Nemcova,12,5,106.0,21.2,7.066666666666667,3.1144823004794877,5.6,1,percentage,Petra Nemcova,Dmitry Chaplin,Model,,Czechoslovakia,31,12,Eliminated Week 5,8,false
Kirstie Alley_S12,Kirstie Alley,12,10,246.4999,24.64999,7.966663333333334,3.3002412371252827,4.3,0,percentage,Kirstie Alley,Maksim Chmerkoskiy,Actor/Actress,Kansas,United States,60,12,2nd Place,2,false
Kendra Wilkinson_S12,Kendra Wilkinson,12,7,155.5,22.214285714285715,7.041666666666667,4.526377717126051,6.285714285714286,0,percentage,Kendra Wilkinson,Louis van Amstel,TV Personality,California,United States,25,12,Eliminated Week 7,6,false
Hines Ward_S12,Hines Ward,12,10,267.6666,26.76666,8.64722,3.5208313412854344,1.9,3,percentage,Hines Ward,Kym Johnson,Athlete,,South Korea,35,12,1st Place,1,false
Romeo_S12,Romeo,12,8,195.0,24.375,7.8125,3.8149143409218813,4.625,0,percentage,Romeo,Chelsie Hightower,Singer/Rapper,Louisiana,United States,21,12,Eliminated Week 8,5,false
Ralph Macchio_S12,Ralph Macchio,12,9,217.0,24.11111111111111,7.731481481481481,3.6209268304000712,4.0,1,percentage,Ralph Macchio,Karina Smirnoff,Actor/Actress,New York,United States,49,12,Eliminated Week 9,4,false
Chelsea Kane_S12,Chelsea Kane,12,10,267.6666,26.76666,8.655553333333334,5.354813826040599,2.8,4,percentage,Chelsea Kane,Mark Ballas,Actor/Actress,Arizona,United States,22,12,3rd Place,3,false
Wendy Williams_S12,Wendy Williams,12,3,46.0,15.333333333333334,5.111111111111112,1.5275252316519468,10.0,0,percentage,Wendy Williams,Tony Dovolani,TV Personality,New Jersey,United States,46,12,Eliminated Week 3,10,false
Sugar Ray Leonard_S12,Sugar Ray Leonard,12,4,75.0,18.75,6.25,2.0615528128088303,9.0,0,percentage,Sugar Ray Leonard,Anna Trebunskaya,Athlete,North Carolina,United States,54,12,Eliminated Week 4,9,false
Chris Jericho_S12,Chris Jericho,12,6,134.0,22.333333333333332,7.444444444444444,2.3380903889000244,4.5,1,percentage,Chris Jericho,Cheryl Burke,Athlete,New York,United States,40,12,Eliminated Week 6,7,false
Hope Solo_S13,Hope Solo,13,9,207.4998,23.055533333333333,7.685177777777778,2.4295484271773637,4.333333333333333,0,percentage,Hope Solo,Maksim Chmerkoskiy,Athlete,Washington,United States,30,13,Eliminated Week 9,4,false
Ricki Lake_S13,Ricki Lake,13,10,265.9998,26.59998,8.86666,3.725264196686068,2.2,5,percentage,Ricki Lake,Derek Hough,Actor/Actress,New York,United States,42,13,3rd Place,3,false
Elisabetta Canalis_S13,Elisabetta Canalis,13,2,36.0,18.0,6.0,4.242640687119285,9.0,0,percentage,Elisabetta Canalis,Valentin Chmerkovskiy,Actor/Actress,,Italy,33,13,Eliminated Week 2,11,false
David Arquette_S13,David Arquette,13,7,154.5,22.071428571428573,7.357142857142857,2.863979914800547,5.714285714285714,0,percentage,David Arquette,Kym Johnson,Actor/Actress,Virginia,United States,40,13,Eliminated Week 7,6,false
Rob Kardashian_S13,Rob Kardashian,13,10,243.833,24.3833,8.127766666666666,4.372312296714405,3.8,1,percentage,Rob Kardashian,Cheryl Burke,TV Personality,California,United States,24,13,2nd Place,2,false
Carson Kressley_S13,Carson Kressley,13,5,97.0,19.4,6.466666666666667,2.302172886644268,8.4,0,percentage,Carson Kressley,Anna Trebunskaya,TV Personality,Pennsylvania,United States,41,13,Eliminated Week 5,8,false
Metta World Peace (Ron)_S13,Metta World Peace (Ron),13,1,14.0,14.0,4.666666666666667,,12.0,0,percentage,Metta World Peace (Ron),Peta Murgatroyd,Athlete,New York,United States,31,13,Eliminated Week 1,12,false
Chynna Phillips_S13,Chynna Phillips,13,4,90.0,22.5,7.5,2.3804761428476167,3.5,1,percentage,Chynna Phillips,Tony Dovolani,Singer/Rapper,California,United States,43,13,Eliminated Week 4,9,false
Chaz Bono_S13,Chaz Bono,13,6,113.0,18.833333333333332,6.277777777777778,1.834847859269718,8.166666666666666,0,percentage,Chaz Bono,Lacey Schwimmer,TV Personality,California,United States,42,13,Eliminated Week 6,7,false
Kristin Cavallari_S13,Kristin Cavallari,13,3,65.0,21.666666666666668,7.222222222222221,2.5166114784235827,4.333333333333333,0,percentage,Kristin Cavallari,Mark Ballas,TV Personality,Colorado,United States,24,13,Eliminated Week 3,10,false
Nancy Grace_S13,Nancy Grace,13,8,169.0,21.125,7.041666666666666,2.2951812875799473,6.625,0,percentage,Nancy Grace,Tristan MacManus,TV Personality,Georgia,United States,51,13,Eliminated Week 8,5,false
J.R. Martinez_S13,J.R. Martinez,13,10,263.1665,26.31665,8.772216666666667,2.8419682151831167,2.0,3,percentage,J.R. Martinez,Karina Smirnoff,Actor/Actress,Louisiana,United States,28,13,1st Place,1,false
William Levy_S14,William Levy,14,10,277.6666,27.76666,9.255553333333333,3.8258344043271566,2.9,1,percentage,William Levy,Cheryl Burke,Actor/Actress,,Cuba,31,14,3rd Place,3,false
Gavin DeGraw_S14,Gavin DeGraw,14,5,107.0,21.4,7.133333333333333,2.0736441353327715,9.0,0,percentage,Gavin DeGraw,Karina Smirnoff,Singer/Rapper,New York,United States,35,14,Eliminated Week 5,9,false
Jaleel White_S14,Jaleel White,14,7,181.4998,25.928542857142855,8.642847619047618,5.135008230716268,5.0,1,percentage,Jaleel White,Kym Johnson,Actor/Actress,California,United States,35,14,Eliminated Week 7,7,false
Donald Driver_S14,Donald Driver,14,10,271.1665,27.11665,9.038883333333334,3.411146489329748,4.1,1,percentage,Donald Driver,Peta Murgatroyd,Athlete,Texas,United States,37,14,1st Place,1,false
Jack Wagner_S14,Jack Wagner,14,3,68.0,22.666666666666668,7.555555555555556,1.5275252316519463,7.666666666666667,0,percentage,Jack Wagner,Anna Trebunskaya,Actor/Actress,Missouri,United States,52,14,Eliminated Week 3,11,false
Sherri Sheperd_S14,Sherri Sheperd,14,4,91.0,22.75,7.583333333333334,1.2583057392117916,6.5,0,percentage,Sherri Sheperd,Valentin Chmerkovskiy,Actor/Actress,Illinois,United States,44,14,Eliminated Week 4,10,false
Melissa Gilbert_S14,Melissa Gilbert,14,8,186.0,23.25,7.75,3.3594217189442426,7.5,0,percentage,Melissa Gilbert,Maksim Chmerkoskiy,Actor/Actress,California,United States,47,14,Eliminated Week 8,5,false
Gladys Knight_S14,Gladys Knight,14,6,132.0,22.0,7.333333333333333,2.097617696340303,8.666666666666666,0,percentage,Gladys Knight,Tristan MacManus,Singer/Rapper,Georgia,United States,67,14,Eliminated Week 6,8,false
Maria Menounos_S14,Maria Menounos,14,9,240.4999,26.72221111111111,8.907403703703704,2.6938564366185345,3.5555555555555554,2,percentage,Maria Menounos,Derek Hough,TV Personality,Massachusetts,United States,33,14,Eliminated Week 9,4,false
Roshon Fegan_S14,Roshon Fegan,14,8,207.9998,25.999975,8.666658333333334,1.6035318178053988,4.625,0,percentage,Roshon Fegan,Chelsie Hightower,Actor/Actress,California,United States,20,14,Eliminated Week 8,6,false
Katherine Jenkins_S14,Katherine Jenkins,14,10,285.4999,28.54999,9.516663333333332,4.071894317677379,2.0,5,percentage,Katherine Jenkins,Mark Ballas,Singer/Rapper,,Wales,31,14,2nd Place,2,false
Martina Navratilova_S14,Martina Navratilova,14,2,37.0,18.5,6.166666666666667,2.1213203435596424,11.5,0,percentage,Martina Navratilova,Tony Dovolani,Athlete,,Czechoslovakia,55,14,Eliminated Week 2,12,false
Helio Castroneves_S15,Helio Castroneves,15,3,70.0,23.333333333333332,7.777777777777779,2.0207259421636907,6.333333333333333,0,percentage,Helio Castroneves,Chelsie Hightower,Racing Driver,,Brazil,37,15,Eliminated Week 3,10,false
Gilles Marini_S15,Gilles Marini,15,8,233.0275,29.1284375,9.298020833333332,5.109596682416753,3.0,1,percentage,Gilles Marini,Peta Murgatroyd,Actor/Actress,,France,36,15,Eliminated Week 8,6,false
Pamela Anderson_S15,Pamela Anderson,15,1,17.0,17.0,5.666666666666667,,13.0,0,percentage,Pamela Anderson,Tristan MacManus,Model,,Canada,45,15,Eliminated Week 1,13,false
Joey Fatone_S15,Joey Fatone,15,2,43.0,21.5,7.166666666666666,1.4142135623730951,8.5,0,percentage,Joey Fatone,Kym Johnson,Singer/Rapper,New York,United States,35,15,Eliminated Week 2,12,false
Sabrina Bryan_S15,Sabrina Bryan,15,6,168.75,28.125,8.881944444444445,4.521476528745892,2.8333333333333335,3,percentage,Sabrina Bryan,Louis van Amstel,Actor/Actress,California,United States,28,15,Eliminated Week 6,8,false
Melissa Rycroft_S15,Melissa Rycroft,15,10,293.3607,29.33607,9.470356666666666,5.406697929019768,3.1,4,percentage,Melissa Rycroft,Tony Dovolani,TV Personality,Texas,United States,29,15,1st Place,1,false
Apolo Anton Ohno_S15,Apolo Anton Ohno,15,9,255.6387,28.4043,9.148655555555555,3.974091277889827,4.555555555555555,0,percentage,Apolo Anton Ohno,Karina Smirnoff,Athlete,Washington,United States,30,15,Eliminated Week 9,5,false
Kelly Monaco_S15,Kelly Monaco,15,10,281.3052,28.13052,9.06434,5.180386665062325,5.2,0,percentage,Kelly Monaco,Valentin Chmerkovskiy,Actor/Actress,Pennsylvania,United States,36,15,3rd Place,3,false
Kirstie Alley_S15,Kirstie Alley,15,8,201.2499,25.1562375,8.0729125,3.681354928337236,8.375,0,percentage,Kirstie Alley,Maksim Chmerkoskiy,Actor/Actress,Kansas,United States,61,15,Eliminated Week 8,7,false
Drew Lachey_S15,Drew Lachey,15,3,68.0,22.666666666666668,7.555555555555556,1.2583057392117911,8.333333333333334,0,percentage,Drew Lachey,Anna Trebunskaya,Singer/Rapper,Ohio,United States,36,15,Eliminated Week 3,11,false
Shawn Johnson_S15,Shawn Johnson,15,10,293.5274,29.35274,9.455079999999999,5.420423685203133,3.1,1,percentage,Shawn Johnson,Derek Hough,Athlete,Iowa,United States,20,15,2nd Place,2,false
Bristol Palin_S15,Bristol Palin,15,4,92.0,23.0,7.0,6.284902544988268,10.5,0,percentage,Bristol Palin,Mark Ballas,TV Personality,Alaska,United States,21,15,Eliminated Week 4,9,false
Emmitt Smith_S15,Emmitt Smith,15,9,253.0553,28.117255555555555,9.039085185185185,4.499844849856245,5.555555555555555,1,percentage,Emmitt Smith,Cheryl Burke,Athlete,Florida,United States,43,15,Eliminated Week 9,4,false
Alexandra Raisman_S16,Alexandra Raisman,16,10,264.5,26.45,8.816666666666666,3.3203915431767985,2.4,3,percentage,Alexandra Raisman,Mark Ballas,Athlete,Massachusetts,United States,18,16,Eliminated Week 10,4,false
Ingo Rademacher_S16,Ingo Rademacher,16,9,202.5,22.5,7.5,2.091650066335189,5.555555555555555,0,percentage,Ingo Rademacher,Kym Johnson,Actor/Actress,,Germany,41,16,Eliminated Week 9,5,false
Kellie Pickler_S16,Kellie Pickler,16,10,267.5,26.75,8.916666666666666,2.5522321385189257,2.1,3,percentage,Kellie Pickler,Derek Hough,Singer/Rapper,North Carolina,United States,26,16,1st Place,1,false
Jacoby Jones_S16,Jacoby Jones,16,10,251.9997,25.19997,8.399989999999999,2.830373356624332,3.8,0,percentage,Jacoby Jones,Karina Smirnoff,Athlete,Louisiana,United States,28,16,3rd Place,3,false
Wynonna Judd_S16,Wynonna Judd,16,3,51.0,17.0,5.666666666666667,1.7320508075688772,9.0,0,percentage,Wynonna Judd,Tony Dovolani,Singer/Rapper,Kentucky,United States,48,16,Eliminated Week 3,11,false
Zendaya_S16,Zendaya,16,10,272.9998,27.299979999999998,9.099993333333334,2.097631469485949,2.0,4,percentage,Zendaya,Valentin Chmerkovskiy,Actor/Actress,California,United States,16,16,2nd Place,2,false
D. L. Hughley_S16,D. L. Hughley,16,5,83.0,16.6,5.533333333333333,3.2863353450309964,9.6,0,percentage,D. L. Hughley,Cheryl Burke,Comedian,Virginia,United States,50,16,Eliminated Week 5,9,false
Andy Dick_S16,Andy Dick,16,7,132.5,18.928571428571427,6.30952380952381,1.880349511584026,8.0,0,percentage,Andy Dick,Sharna Burgess,Comedian,South Carolina,United States,47,16,Eliminated Week 7,7,false
Victor Ortiz_S16,Victor Ortiz,16,6,118.0,19.666666666666668,6.555555555555556,2.065591117977289,7.833333333333333,0,percentage,Victor Ortiz,Lindsay Arnold,Athlete,Kansas,United States,26,16,Eliminated Week 6,8,false
Dorothy Hamill_S16,Dorothy Hamill,16,2,36.0,18.0,6.0,4.242640687119285,8.0,0,percentage,Dorothy Hamill,Tristan MacManus,Athlete,Illinois,United States,56,16,Withdrew,12,false
Sean Lowe_S16,Sean Lowe,16,8,172.0,21.5,7.166666666666667,1.9272482233188626,6.25,0,percentage,Sean Lowe,Peta Murgatroyd,TV Personality,Texas,United States,29,16,Eliminated Week 8,6,false
Lisa Vanderpump_S16,Lisa Vanderpump,16,4,75.0,18.75,6.25,1.5,8.75,0,percentage,Lisa Vanderpump,Gleb Savchenko,TV Personality,,England,52,16,Eliminated Week 4,10,false
Christina Milian_S17,Christina Milian,17,5,125.0,25.0,8.333333333333332,2.23606797749979,4.2,0,percentage,Christina Milian,Mark Ballas,Singer/Rapper,New Jersey,United States,31,17,Eliminated Week 5,9,false
Keyshawn Johnson_S17,Keyshawn Johnson,17,2,35.0,17.5,5.833333333333334,0.7071067811865476,11.0,0,percentage,Keyshawn Johnson,Sharna Burgess,Athlete,California,United States,41,17,Eliminated Week 2,12,false
"Nicole ""Snooki"" Polizzi_S17","Nicole ""Snooki"" Polizzi",17,7,176.0,25.142857142857142,8.380952380952381,3.2366943748507473,5.285714285714286,0,percentage,"Nicole ""Snooki"" Polizzi",Sasha Farber,TV Personality,,Chile,25,17,Eliminated Week 7,8,false
Leah Remini_S17,Leah Remini,17,10,256.9999,25.699990000000003,8.29583,3.392795307854574,6.1,0,percentage,Leah Remini,Tony Dovolani,Actor/Actress,New York,United States,43,17,Eliminated Week 10,5,false
Elizabeth Berkley Lauren_S17,Elizabeth Berkley Lauren,17,9,238.9998,26.555533333333333,8.851844444444446,2.4036442249218166,3.4444444444444446,1,percentage,Elizabeth Berkley Lauren,Valentin Chmerkovskiy,Actor/Actress,Michigan,United States,39,17,Eliminated Week 9,6,false
Valerie Harper_S17,Valerie Harper,17,4,74.0,18.5,6.166666666666666,2.081665999466133,9.5,0,percentage,Valerie Harper,Tristan MacManus,Actor/Actress,New York,United States,74,17,Eliminated Week 4,10,false
Brant Daugherty_S17,Brant Daugherty,17,8,206.5,25.8125,8.604166666666666,3.463457191057183,4.75,1,percentage,Brant Daugherty,Peta Murgatroyd,Actor/Actress,Ohio,United States,28,17,Eliminated Week 8,7,false
Corbin Bleu_S17,Corbin Bleu,17,11,313.6663,28.51511818181818,9.220948484848485,3.5122396674538545,2.0,5,percentage,Corbin Bleu,Karina Smirnoff,Actor/Actress,New York,United States,24,17,2nd Place,2,false
Jack Osbourne_S17,Jack Osbourne,17,11,295.9997,26.909063636363637,8.700748484848486,3.7869359171427037,4.454545454545454,0,percentage,Jack Osbourne,Cheryl Burke,TV Personality,,England,27,17,3rd Place,3,false
Amber Riley_S17,Amber Riley,17,11,313.8331,28.53028181818182,9.210851515151516,4.502957199178819,3.272727272727273,4,percentage,Amber Riley,Derek Hough,Actor/Actress,California,United States,27,17,1st Place,1,false
Bill Engvall_S17,Bill Engvall,17,11,257.4998,23.409072727272726,7.575751515151516,3.1370137800433424,7.090909090909091,0,percentage,Bill Engvall,Emma Slater,Comedian,Texas,United States,56,17,Eliminated Week 11,4,false
Bill Nye_S17,Bill Nye,17,3,47.0,15.666666666666666,5.222222222222222,1.5275252316519468,11.666666666666666,0,percentage,Bill Nye,Tyne Stecklein,TV Personality,Washington D.C.,United States,57,17,Eliminated Week 3,11,false
Sean Avery_S18,Sean Avery,18,2,41.0,20.5,6.833333333333334,0.7071067811865476,9.0,0,percentage,Sean Avery,Karina Smirnoff,Athlete,,Canada,33,18,Eliminated Week 2,11,false
Amy Purdy_S18,Amy Purdy,18,10,339.1666,33.91666,9.126386666666667,5.971775280470997,2.7,1,percentage,Amy Purdy,Derek Hough,Athlete,Nevada,United States,34,18,2nd Place,2,false
Danica McKellar_S18,Danica McKellar,18,8,265.0,33.125,8.78125,5.986592162013855,4.125,0,percentage,Danica McKellar,Valentin Chmerkovskiy,Actor/Actress,California,United States,39,18,Eliminated Week 8,6,false
Cody Simpson_S18,Cody Simpson,18,5,144.0,28.8,7.933333333333333,6.3796551630946325,6.8,0,percentage,Cody Simpson,Witney Carson,Singer/Rapper,,Australia,17,18,Eliminated Week 5,9,false
Charlie White_S18,Charlie White,18,9,307.5,34.166666666666664,9.023148148148147,5.024937810560446,2.888888888888889,1,percentage,Charlie White,Sharna Burgess,Athlete,Michigan,United States,26,18,Eliminated Week 9,5,false
Meryl Davis_S18,Meryl Davis,18,10,348.0,34.8,9.358333333333333,6.196773353931867,2.2,6,percentage,Meryl Davis,Maksim Chmerkoskiy,Athlete,Michigan,United States,27,18,1st Place,1,false
Candace Cameron Bure_S18,Candace Cameron Bure,18,10,307.9998,30.799979999999998,8.299993333333333,5.513638847198221,5.9,0,percentage,Candace Cameron Bure,Mark Ballas,Actor/Actress,California,United States,37,18,3rd Place,3,false
Drew Carey_S18,Drew Carey,18,6,165.0,27.5,7.458333333333333,5.319774431308154,7.833333333333333,0,percentage,Drew Carey,Cheryl Burke,Comedian,Ohio,United States,55,18,Eliminated Week 6,8,false
James Maslow_S18,James Maslow,18,10,330.0,33.0,8.875,6.036923425424945,3.9,2,percentage,James Maslow,Peta Murgatroyd,Actor/Actress,New York,United States,23,18,Eliminated Week 10,4,false
Diana Nyad_S18,Diana Nyad,18,1,18.0,18.0,6.0,,11.0,0,percentage,Diana Nyad,Henry Byalikov,Athlete,New York,United States,64,18,Eliminated Week 2,12,false
Billy Dee Williams_S18,Billy Dee Williams,18,2,30.0,15.0,5.0,0.0,11.5,0,percentage,Billy Dee Williams,Emma Slater,Actor/Actress,New York,United States,76,18,Withdrew,10,false
NeNe Leakes_S18,NeNe Leakes,18,7,207.0,29.571428571428573,7.892857142857143,6.0513674172907095,7.142857142857143,0,percentage,NeNe Leakes,Tony Dovolani,TV Personality,New York,United States,46,18,Eliminated Week 7,7,false
Lolo Jones_S19,Lolo Jones,19,1,22.0,22.0,5.5,,12.0,0,percentage,Lolo Jones,Keo Motsepe,Athlete,Iowa,United States,32,19,Eliminated Week 1,13,false
Alfonso Ribeiro_S19,Alfonso Ribeiro,19,11,404.0,36.72727272727273,9.181818181818182,3.2966925574250654,2.1818181818181817,4,percentage,Alfonso Ribeiro,Witney Carson,Actor/Actress,New York,United States,42,19,1st Place,1,false
Antonio Sabato Jr._S19,Antonio Sabato Jr.,19,7,199.5,28.5,7.125,1.848422751068236,7.428571428571429,0,percentage,Antonio Sabato Jr.,Cheryl Burke,Actor/Actress,,Italy,42,19,Eliminated Week 7,8,false
Randy Couture_S19,Randy Couture,19,3,85.0,28.333333333333332,7.083333333333333,2.5166114784235827,8.333333333333334,0,percentage,Randy Couture,Karina Smirnoff,Athlete,Washington,United States,51,19,Eliminated Week 3,11,false
Betsey Johnson_S19,Betsey Johnson,19,4,106.0,26.5,6.625,4.358898943540673,9.75,0,percentage,Betsey Johnson,Tony Dovolani,Fashion Designer,Connecticut,United States,72,19,Eliminated Week 4,10,false
Tavis Smiley_S19,Tavis Smiley,19,2,57.0,28.5,7.125,0.7071067811865476,9.0,0,percentage,Tavis Smiley,Sharna Burgess,Radio Personality,Mississippi,United States,50,19,Eliminated Week 2,12,false
Jonathan Bennett_S19,Jonathan Bennett,19,6,172.0,28.666666666666668,7.166666666666667,3.7237973450050514,7.0,0,percentage,Jonathan Bennett,Allison Holker,Actor/Actress,Ohio,United States,33,19,Eliminated Week 6,9,false
Sadie Robertson_S19,Sadie Robertson,19,11,386.83320000000003,35.16665454545455,8.791663636363637,2.84114609140876,3.4545454545454546,1,percentage,Sadie Robertson,Mark Ballas,TV Personality,Louisiana,United States,17,19,2nd Place,2,false
Lea Thompson_S19,Lea Thompson,19,9,305.0,33.888888888888886,8.472222222222221,2.472066162365221,3.6666666666666665,1,percentage,Lea Thompson,Artem Chigvintsev,Actor/Actress,Minnesota,United States,53,19,Eliminated Week 9,6,false
Tommy Chong_S19,Tommy Chong,19,10,286.5,28.65,7.1625,2.828918128503859,6.8,0,percentage,Tommy Chong,Peta Murgatroyd,Comedian,,Canada,76,19,Eliminated Week 10,5,false
Janel Parrish_S19,Janel Parrish,19,11,397.9998,36.1818,9.04545,4.07596904306203,2.909090909090909,4,percentage,Janel Parrish,Valentin Chmerkovskiy,Actor/Actress,Hawaii,United States,25,19,3rd Place,3,false
Bethany Mota_S19,Bethany Mota,19,11,396.5,36.04545454545455,9.011363636363637,3.0533141457647743,3.090909090909091,1,percentage,Bethany Mota,Derek Hough,Social Media Personality,California,United States,18,19,Eliminated Week 11,4,false
Michael Waltrip_S19,Michael Waltrip,19,8,205.0,25.625,6.40625,3.067688753070345,9.125,0,percentage,Michael Waltrip,Emma Slater,Racing Driver,Kentucky,United States,51,19,Eliminated Week 8,7,false
Rumer Willis_S20,Rumer Willis,20,10,362.5,36.25,9.0625,3.2080627591533553,2.5,4,percentage,Rumer Willis,Valentin Chmerkovskiy,Actor/Actress,Kentucky,United States,26,20,1st Place,1,false
Charlotte McKinney_S20,Charlotte McKinney,20,3,70.0,23.333333333333332,5.833333333333333,2.309401076758503,11.0,0,percentage,Charlotte McKinney,Keo Motsepe,Model,Florida,United States,21,20,Eliminated Week 3,11,false
Redfoo_S20,Redfoo,20,2,53.0,26.5,6.625,6.363961030678928,8.0,0,percentage,Redfoo,Emma Slater,Singer/Rapper,California,United States,39,20,Eliminated Week 2,12,false
Suzanne Somers_S20,Suzanne Somers,20,5,134.0,26.8,6.7,1.6431676725154982,8.0,0,percentage,Suzanne Somers,Tony Dovolani,Actor/Actress,California,United States,68,20,Eliminated Week 5,9,false
Nastia Liukin_S20,Nastia Liukin,20,9,327.5,36.388888888888886,9.097222222222221,3.389116567943793,2.0,3,percentage,Nastia Liukin,Derek Hough,Athlete,,Russia,25,20,Eliminated Week 9,4,false
Robert Herjavec_S20,Robert Herjavec,20,8,238.5,29.8125,7.453125,3.272586351583626,6.375,0,percentage,Robert Herjavec,Kym Johnson,Entrepreneur,,Croatia,52,20,Eliminated Week 8,6,false
Noah Galloway_S20,Noah Galloway,20,10,320.5,32.05,8.0125,4.387165625118594,5.4,0,percentage,Noah Galloway,Sharna Burgess,Motivational Speaker,Alabama,United States,33,20,3rd Place,3,false
Chris Soules_S20,Chris Soules,20,8,227.0,28.375,7.09375,4.274091382136926,7.125,0,percentage,Chris Soules,Witney Carson,TV Personality,Iowa,United States,33,20,Eliminated Week 8,5,false
Michael Sam_S20,Michael Sam,20,4,108.0,27.0,6.75,2.581988897471611,7.5,0,percentage,Michael Sam,Peta Murgatroyd,Athlete,Texas,United States,25,20,Eliminated Week 4,10,false
Willow Shields_S20,Willow Shields,20,7,237.5,33.92857142857143,8.482142857142858,4.919591543246346,3.2857142857142856,1,percentage,Willow Shields,Mark Ballas,Actor/Actress,New Mexico,United States,14,20,Eliminated Week 7,7,false
Riker Lynch_S20,Riker Lynch,20,10,363.0,36.3,9.075,3.301514803843837,2.6,2,percentage,Riker Lynch,Allison Holker,Actor/Actress,Colorado,United States,23,20,2nd Place,2,false
Patti LaBelle_S20,Patti LaBelle,20,6,166.0,27.666666666666668,6.916666666666667,4.1311822359545785,8.333333333333334,0,percentage,Patti LaBelle,Artem Chigvintsev,Singer/Rapper,Pennsylvania,United States,70,20,Eliminated Week 6,8,false
Tamar Braxton_S21,Tamar Braxton,21,9,256.0,28.444444444444443,8.537037037037036,5.240732561176707,3.888888888888889,1,percentage,Tamar Braxton,Valentin Chmerkovskiy,Singer/Rapper,Maryland,United States,38,21,Withdrew,5,false
Kim Zolciak-Biermann_S21,Kim Zolciak-Biermann,21,2,30.5,15.25,5.083333333333334,4.596194077712559,12.0,0,percentage,Kim Zolciak-Biermann,Tony Dovolani,TV Personality,Florida,United States,37,21,Withdrew,11,false
Gary Busey_S21,Gary Busey,21,4,72.5,18.125,5.520833333333333,4.62556302879264,10.0,0,percentage,Gary Busey,Anna Trebunskaya,Actor/Actress,Texas,United States,71,21,Eliminated Week 4,10,false
Andy Grammer_S21,Andy Grammer,21,8,222.9998,27.874975,8.197908333333334,6.916610958255289,5.625,0,percentage,Andy Grammer,Allison Holker,Singer/Rapper,California,United States,31,21,Eliminated Week 8,7,false
Carlos PenaVega_S21,Carlos PenaVega,21,11,323.9998,29.454527272727272,8.999993939393939,5.377987119562654,3.5454545454545454,2,percentage,Carlos PenaVega,Witney Carson,Actor/Actress,Missouri,United States,26,21,Eliminated Week 11,4,false
Hayes Grier_S21,Hayes Grier,21,7,190.5,27.214285714285715,7.976190476190476,4.081024614574371,5.285714285714286,0,percentage,Hayes Grier,Emma Slater,Social Media Personality,North Carolina,United States,15,21,Eliminated Week 7,8,false
Nick Carter_S21,Nick Carter,21,11,328.0,29.818181818181817,9.106060606060607,5.254867873090281,3.727272727272727,2,percentage,Nick Carter,Sharna Burgess,Singer/Rapper,New York,United States,35,21,2nd Place,2,false
Alek Skarlatos_S21,Alek Skarlatos,21,11,293.9999,26.727263636363638,8.212118181818182,3.349351633457654,5.545454545454546,0,percentage,Alek Skarlatos,Lindsay Arnold,Military,California,United States,22,21,3rd Place,3,false
Chaka Khan_S21,Chaka Khan,21,2,28.0,14.0,4.666666666666666,1.4142135623730951,12.5,0,percentage,Chaka Khan,Keo Motsepe,Singer/Rapper,Illinois,United States,62,21,Eliminated Week 2,13,false
Paula Deen_S21,Paula Deen,21,6,121.5,20.25,5.777777777777778,4.071240597164456,9.333333333333334,0,percentage,Paula Deen,Louis van Amstel,TV Personality,Georgia,United States,68,21,Eliminated Week 6,9,false
Alexa PenaVega_S21,Alexa PenaVega,21,9,256.4998,28.499977777777776,8.518511111111112,6.373780275820971,4.444444444444445,1,percentage,Alexa PenaVega,Mark Ballas,Actor/Actress,Florida,United States,27,21,Eliminated Week 9,6,false
Bindi Irwin_S21,Bindi Irwin,21,11,333.5,30.318181818181817,9.28030303030303,4.849086136957804,2.090909090909091,5,percentage,Bindi Irwin,Derek Hough,TV Personality,,Australia,17,21,1st Place,1,false
Victor Espinoza_S21,Victor Espinoza,21,2,33.5,16.75,5.583333333333334,2.4748737341529163,10.5,0,percentage,Victor Espinoza,Karina Smirnoff,Athlete,,Mexico,43,21,Eliminated Week 2,12,false
Nyle DiMarco_S22,Nyle DiMarco,22,10,278.4998,27.84998,8.69166,5.011370848558085,2.9,4,percentage,Nyle DiMarco,Peta Murgatroyd,Model,New York,United States,26,22,1st Place,1,false
Jodie Sweetin_S22,Jodie Sweetin,22,8,206.5,25.8125,7.958333333333334,4.913083843895081,5.125,1,percentage,Jodie Sweetin,Keo Motsepe,Actor/Actress,California,United States,34,22,Eliminated Week 8,6,false
Ginger Zee_S22,Ginger Zee,22,10,270.8332,27.083319999999997,8.461106666666668,4.887148680365678,3.6,0,percentage,Ginger Zee,Valentin Chmerkovskiy,News Anchor,California,United States,35,22,3rd Place,3,false
Antonio Brown_S22,Antonio Brown,22,9,228.5,25.38888888888889,7.898148148148148,4.897561751638372,5.777777777777778,0,percentage,Antonio Brown,Sharna Burgess,Athlete,Florida,United States,27,22,Eliminated Week 9,5,false
Paige VanZant_S22,Paige VanZant,22,10,277.6666,27.76666,8.69722,4.317060213772022,2.6,3,percentage,Paige VanZant,Mark Ballas,Athlete,Oregon,United States,22,22,2nd Place,2,false
Geraldo Rivera_S22,Geraldo Rivera,22,2,26.0,13.0,4.333333333333333,0.0,12.0,0,percentage,Geraldo Rivera,Edyta Sliwinska,Journalist,New York,United States,72,22,Eliminated Week 2,12,false
Marla Maples_S22,Marla Maples,22,4,90.0,22.5,6.916666666666667,3.696845502136472,7.25,0,percentage,Marla Maples,Tony Dovolani,TV Personality,Georgia,United States,52,22,Eliminated Week 4,10,false
Von Miller_S22,Von Miller,22,7,172.0,24.571428571428573,7.464285714285714,4.68533680244878,6.571428571428571,0,percentage,Von Miller,Witney Carson,Athlete,Texas,United States,27,22,Eliminated Week 7,7,false
Mischa Barton_S22,Mischa Barton,22,3,49.0,16.333333333333332,5.444444444444444,1.5275252316519472,10.666666666666666,0,percentage,Mischa Barton,Artem Chigvintsev,Actor/Actress,,England,30,22,Eliminated Week 3,11,false
Kim Fields_S22,Kim Fields,22,7,171.0,24.428571428571427,7.428571428571429,4.613644360558612,7.142857142857143,0,percentage,Kim Fields,Sasha Farber,Actor/Actress,New York,United States,46,22,Eliminated Week 7,8,false
Doug Flutie_S22,Doug Flutie,22,6,128.0,21.333333333333332,6.388888888888889,4.366539438350085,9.0,0,percentage,Doug Flutie,Karina Smirnoff,Athlete,Maryland,United States,53,22,Eliminated Week 6,9,false
Wanya Morris_S22,Wanya Morris,22,9,247.5,27.5,8.564814814814815,3.905124837953327,2.888888888888889,2,percentage,Wanya Morris,Lindsay Arnold,Singer/Rapper,Pennsylvania,United States,42,22,Eliminated Week 9,4,false
Jana Kramer_S23,Jana Kramer,23,11,340.0,30.90909090909091,8.545454545454545,5.774158734474581,4.090909090909091,2,percentage,Jana Kramer,Gleb Savchenko,Singer/Rapper,Michigan,United States,32,23,Eliminated Week 11,4,false
Maureen McCormick_S23,Maureen McCormick,23,7,188.0,26.857142857142858,7.285714285714286,4.017817460121495,7.285714285714286,0,percentage,Maureen McCormick,Artem Chigvintsev,Actor/Actress,California,United States,60,23,Eliminated Week 7,8,false
Babyface_S23,Babyface,23,4,99.0,24.75,6.5625,4.9916597106239795,7.5,0,percentage,Babyface,Allison Holker,Singer/Rapper,Indiana,United States,57,23,Eliminated Week 4,11,false
Jake T. Austin_S23,Jake T. Austin,23,2,46.0,23.0,5.75,1.4142135623730951,10.5,0,percentage,Jake T. Austin,Jenna Johnson,Actor/Actress,New York,United States,21,23,Eliminated Week 2,13,false
Laurie Hernandez_S23,Laurie Hernandez,23,11,362.83320000000003,32.98483636363637,9.140148484848485,4.45372757300505,2.3636363636363638,3,percentage,Laurie Hernandez,Valentin Chmerkovskiy,Athlete,New Jersey,United States,16,23,1st Place,1,false
Vanilla Ice_S23,Vanilla Ice,23,4,97.0,24.25,6.541666666666667,1.5000000000000004,8.0,0,percentage,Vanilla Ice,Witney Carson,Singer/Rapper,Texas,United States,48,23,Eliminated Week 4,10,false
Rick Perry_S23,Rick Perry,23,3,65.0,21.666666666666668,5.416666666666667,1.5275252316519463,12.666666666666666,0,percentage,Rick Perry,Emma Slater,Politician,Texas,United States,66,23,Eliminated Week 3,12,false
Marilu Henner_S23,Marilu Henner,23,9,255.0,28.333333333333332,7.740740740740741,4.898979485566357,5.888888888888889,0,percentage,Marilu Henner,Derek Hough,Actor/Actress,Illinois,United States,64,23,Eliminated Week 9,6,false
James Hinchcliffe_S23,James Hinchcliffe,23,11,360.4996,32.772690909090905,9.113625757575758,4.227037218065284,2.4545454545454546,4,percentage,James Hinchcliffe,Sharna Burgess,Racing Driver,,Canada,29,23,2nd Place,2,false
Terra Jole_S23,Terra Jole,23,10,294.5,29.45,8.245833333333334,4.437529342625992,3.9,1,percentage,Terra Jole,Sasha Farber,TV Personality,Texas,United States,36,23,Eliminated Week 10,5,false
Ryan Lochte_S23,Ryan Lochte,23,8,208.0,26.0,7.25,3.664501525251616,8.375,0,percentage,Ryan Lochte,Cheryl Burke,Athlete,New York,United States,32,23,Eliminated Week 8,7,false
Calvin Johnson Jr._S23,Calvin Johnson Jr.,23,11,340.3331,30.939372727272726,8.530297727272727,5.654501952266161,4.2727272727272725,1,percentage,Calvin Johnson Jr.,Lindsay Arnold,Athlete,Georgia,United States,30,23,3rd Place,3,false
Amber Rose_S23,Amber Rose,23,6,149.0,24.833333333333332,6.875,1.6020819787597227,8.333333333333334,0,percentage,Amber Rose,Maksim Chmerkoskiy,Model,Pennsylvania,United States,32,23,Eliminated Week 6,9,false
Simone Biles_S24,Simone Biles,24,9,316.5,35.166666666666664,8.791666666666666,3.640054944640261,2.6666666666666665,2,percentage,Simone Biles,Sasha Farber,Athlete,Ohio,United States,20,24,Eliminated Week 9,4,false
David Ross_S24,David Ross,24,10,312.8333,31.28333,7.8208325,2.9038543352088295,5.7,0,percentage,David Ross,Lindsay Arnold,Athlete,Georgia,United States,40,24,2nd Place,2,false
Rashad Jennings_S24,Rashad Jennings,24,10,351.6666,35.16666,8.791665,4.1499585005154005,2.8,2,percentage,Rashad Jennings,Emma Slater,Athlete,Virginia,United States,32,24,1st Place,1,false
Normani_S24,Normani,24,10,358.83320000000003,35.883320000000005,8.970830000000001,4.585291460698608,2.3,5,percentage,Normani,Valentin Chmerkovskiy,Singer/Rapper,Georgia,United States,20,24,3rd Place,3,false
Charo_S24,Charo,24,3,70.0,23.333333333333332,5.833333333333333,2.081665999466133,10.0,0,percentage,Charo,Keo Motsepe,Actor/Actress,,Spain,66,24,Eliminated Week 3,11,false
Bonner Bolton_S24,Bonner Bolton,24,8,227.5,28.4375,7.109375,3.6394416761758555,7.125,0,percentage,Bonner Bolton,Sharna Burgess,Athlete,Texas,United States,29,24,Eliminated Week 8,5,false
Heather Morris_S24,Heather Morris,24,6,197.0,32.833333333333336,8.208333333333334,3.311595788538611,2.8333333333333335,1,percentage,Heather Morris,Maksim Chmerkoskiy,Actor/Actress,California,United States,30,24,Eliminated Week 6,8,false
Nick Viall_S24,Nick Viall,24,7,203.5,29.071428571428573,7.267857142857143,4.147575310031266,7.142857142857143,0,percentage,Nick Viall,Peta Murgatroyd,TV Personality,Wisconsin,United States,36,24,Eliminated Week 7,6,false
Nancy Kerrigan_S24,Nancy Kerrigan,24,7,227.5,32.5,8.125,3.329164059239696,4.142857142857143,0,percentage,Nancy Kerrigan,Artem Chigvintsev,Athlete,Massachusetts,United States,47,24,Eliminated Week 7,7,false
Erika Jayne_S24,Erika Jayne,24,5,140.0,28.0,7.0,3.1622776601683795,7.0,0,percentage,Erika Jayne,Gleb Savchenko,Singer/Rapper,Georgia,United States,45,24,Eliminated Week 5,9,false
Chris Kattan_S24,Chris Kattan,24,2,39.0,19.5,4.875,3.5355339059327378,11.5,0,percentage,Chris Kattan,Witney Carson,Comedian,California,United States,46,24,Eliminated Week 2,12,false
Mr. T_S24,Mr. T,24,4,94.0,23.5,5.875,3.415650255319866,11.0,0,percentage,Mr. T,Kym Herjavec,Actor/Actress,Illinois,United States,64,24,Eliminated Week 4,10,false
Terrell Owens_S25,Terrell Owens,25,8,191.5,23.9375,7.59375,6.355186296021766,7.625,0,percentage,Terrell Owens,Cheryl Burke,Athlete,Alabama,United States,43,25,Eliminated Week 8,6,false
Debbie Gibson_S25,Debbie Gibson,25,2,37.5,18.75,6.25,2.4748737341529163,9.0,0,percentage,Debbie Gibson,Alan Bersten,Singer/Rapper,New York,United States,47,25,Eliminated Week 2,12,false
Nick Lachey_S25,Nick Lachey,25,6,128.0,21.333333333333332,6.75,2.804757862395018,9.833333333333334,0,percentage,Nick Lachey,Peta Murgatroyd,Singer/Rapper,Kentucky,United States,43,25,Eliminated Week 6,9,false
Nikki Bella_S25,Nikki Bella,25,7,171.5,24.5,7.738095238095239,5.722761571129798,6.571428571428571,0,percentage,Nikki Bella,Artem Chigvintsev,Athlete,California,United States,33,25,Eliminated Week 7,8,false
Jordan Fisher_S25,Jordan Fisher,25,10,295.0,29.5,9.175,5.9113826169894,1.5,7,percentage,Jordan Fisher,Lindsay Arnold,Actor/Actress,Alabama,United States,23,25,1st Place,1,false
Barbara Corcoran_S25,Barbara Corcoran,25,2,31.0,15.5,5.166666666666667,2.1213203435596424,13.0,0,percentage,Barbara Corcoran,Keo Motsepe,Entrepreneur,New Jersey,United States,68,25,Eliminated Week 2,13,false
Vanessa Lachey_S25,Vanessa Lachey,25,7,178.5,25.5,8.071428571428571,4.958158260214505,4.714285714285714,0,percentage,Vanessa Lachey,Maksim Chmerkoskiy,TV Personality,,Philippines,36,25,Eliminated Week 7,7,false
Sasha Pieterse_S25,Sasha Pieterse,25,5,107.5,21.5,7.166666666666666,2.8284271247461903,7.0,0,percentage,Sasha Pieterse,Gleb Savchenko,Actor/Actress,,South Africa,21,25,Eliminated Week 5,10,false
Lindsey Stirling_S25,Lindsey Stirling,25,10,286.5,28.65,8.883333333333333,6.346696428501645,2.6,2,percentage,Lindsey Stirling,Mark Ballas,Musician,California,United States,31,25,2nd Place,2,false
Victoria Arlen_S25,Victoria Arlen,25,9,228.5,25.38888888888889,8.175925925925926,3.8550111687401274,4.222222222222222,0,percentage,Victoria Arlen,Valentin Chmerkovskiy,Athlete,New Hamshire,United States,22,25,Eliminated Week 9,5,false
Derek Fisher_S25,Derek Fisher,25,4,81.0,20.25,6.75,2.2173557826083456,9.0,0,percentage,Derek Fisher,Sharna Burgess,Athlete,Arkansas,United States,43,25,Eliminated Week 4,11,false
Frankie Muniz_S25,Frankie Muniz,25,10,268.8887,26.888869999999997,8.380550833333334,5.683481805695051,4.1,1,percentage,Frankie Muniz,Witney Carson,Actor/Actress,New Jersey,United States,31,25,3rd Place,3,false
Drew Scott_S25,Drew Scott,25,10,252.0,25.2,7.8375,5.798467230417209,6.2,0,percentage,Drew Scott,Emma Slater,TV Personality,,Canada,39,25,Eliminated Week 10,4,false
Chris Mazdzer_S26,Chris Mazdzer,26,3,87.0,29.0,7.833333333333333,6.928203230275509,5.0,0,percentage,Chris Mazdzer,Witney Carson,Athlete,Massachusetts,United States,29,26,Eliminated Week 3,5,false
Jamie Anderson_S26,Jamie Anderson,26,1,19.0,19.0,6.333333333333333,,8.0,0,percentage,Jamie Anderson,Artem Chigvintsev,Athlete,California,United States,27,26,Eliminated Week 1,10,false
Josh Norman_S26,Josh Norman,26,4,122.0,30.5,8.71875,5.873670062235365,3.0,1,percentage,Josh Norman,Sharna Burgess,Athlete,South Carolina,United States,30,26,2nd Place,2,false
Adam Rippon_S26,Adam Rippon,26,4,131.0,32.75,9.291666666666666,7.675719293112969,1.5,2,percentage,Adam Rippon,Jenna Johnson,Athlete,Pennsylvania,United States,28,26,1st Place,1,false
Arike Ogunbowale_S26,Arike Ogunbowale,26,2,55.0,27.5,7.708333333333334,10.606601717798213,5.0,0,percentage,Arike Ogunbowale,Gleb Savchenko,Athlete,Wisconsin,United States,21,26,Eliminated Week 2,7,false
Kareem Abdul-Jabbar_S26,Kareem Abdul-Jabbar,26,2,46.5,23.25,6.520833333333334,8.838834764831844,9.0,0,percentage,Kareem Abdul-Jabbar,Lindsay Arnold,Athlete,New York,United States,71,26,Eliminated Week 2,8,false
Jennie Finch Daigle_S26,Jennie Finch Daigle,26,3,81.5,27.166666666666668,7.375,5.484827557301444,6.0,0,percentage,Jennie Finch Daigle,Keo Motsepe,Athlete,California,United States,37,26,Eliminated Week 3,6,false
Mirai Nagasu_S26,Mirai Nagasu,26,3,95.0,31.666666666666668,8.555555555555555,7.571877794400365,2.6666666666666665,1,percentage,Mirai Nagasu,Alan Bersten,Athlete,California,United States,25,26,Eliminated Week 3,4,false
Johnny Damon_S26,Johnny Damon,26,1,18.0,18.0,6.0,,9.0,0,percentage,Johnny Damon,Emma Slater,Athlete,Kansas,United States,44,26,Eliminated Week 1,9,false
Tonya Harding_S26,Tonya Harding,26,4,119.0,29.75,8.5,5.377421934967226,3.5,0,percentage,Tonya Harding,Sasha Farber,Athlete,Oregon,United States,47,26,3rd Place,3,false
Mary Lou Retton_S27,Mary Lou Retton,27,6,142.0,23.666666666666668,7.888888888888889,2.0655911179772892,5.833333333333333,0,percentage,Mary Lou Retton,Sasha Farber,Athlete,West Virginia,United States,50,27,Eliminated Week 6,9,false
Juan Pablo Di Pace_S27,Juan Pablo Di Pace,27,8,219.0,27.375,9.125,3.067688753070345,2.375,3,percentage,Juan Pablo Di Pace,Cheryl Burke,Actor/Actress,,Argentina,39,27,Eliminated Week 8,5,false
DeMarcus Ware_S27,DeMarcus Ware,27,7,173.0,24.714285714285715,8.238095238095237,1.8224786888818671,5.0,0,percentage,DeMarcus Ware,Lindsay Arnold,Athlete,Alabama,United States,36,27,Eliminated Week 7,7,false
Joe Amabile_S27,Joe Amabile,27,8,150.0,18.75,6.25,3.6449573777637356,9.5,0,percentage,Joe Amabile,Jenna Johnson,TV Personality,Illinois,United States,32,27,Eliminated Week 8,6,false
John Schneider_S27,John Schneider,27,7,151.5,21.642857142857142,7.214285714285714,3.0374644814697795,8.285714285714286,0,percentage,John Schneider,Emma Slater,Actor/Actress,New York,United States,58,27,Eliminated Week 7,8,false
Nikki Glaser_S27,Nikki Glaser,27,1,17.5,17.5,5.833333333333333,,12.0,0,percentage,Nikki Glaser,Gleb Savchenko,Comedian,Ohio,United States,34,27,Eliminated Week 1,13,false
Evanna Lynch_S27,Evanna Lynch,27,9,234.5,26.055555555555557,8.685185185185185,3.924637279772206,3.888888888888889,2,percentage,Evanna Lynch,Keo Motsepe,Actor/Actress,,Ireland,27,27,3rd Place,3,false
Tinashe_S27,Tinashe,27,4,102.0,25.5,8.5,1.7320508075688776,2.0,2,percentage,Tinashe,Brandon Armstrong,Singer/Rapper,Kentucky,United States,25,27,Eliminated Week 4,10,false
Alexis Ren_S27,Alexis Ren,27,9,238.5,26.5,8.833333333333334,2.358495283014151,3.5555555555555554,1,percentage,Alexis Ren,Alan Bersten,Social Media Personality,California,United States,21,27,4th Place,4,false
Bobby Bones_S27,Bobby Bones,27,9,201.5,22.38888888888889,7.462962962962964,2.7474735869724243,7.111111111111111,0,percentage,Bobby Bones,Sharna Burgess,Radio Personality,Arkansas,United States,38,27,1st Place,1,true
Nancy McKeon_S27,Nancy McKeon,27,3,62.0,20.666666666666668,6.888888888888888,1.2583057392117911,8.666666666666666,0,percentage,Nancy McKeon,Valentin Chmerkovskiy,Actor/Actress,New York,United States,52,27,Eliminated Week 3,11,false
Milo Manheim_S27,Milo Manheim,27,9,245.5,27.27777777777778,9.092592592592592,3.073181485764296,2.888888888888889,1,percentage,Milo Manheim,Witney Carson,Actor/Actress,California,United States,17,27,2nd Place,2,false
Danelle Umstead_S27,Danelle Umstead,27,2,36.5,18.25,6.083333333333334,0.3535533905932738,10.5,0,percentage,Danelle Umstead,Artem Chigvintsev,Athlete,New Mexico,United States,46,27,Eliminated Week 2,12,false
Lamar Odom_S28,Lamar Odom,28,4,55.0,13.75,4.166666666666666,4.193248541803041,11.0,0,rank_v2,Lamar Odom,Peta Murgatroyd,Athlete,New York,United States,39,28,Eliminated Week 4,10,false
Ray Lewis_S28,Ray Lewis,28,2,30.0,15.0,5.0,0.0,10.5,0,rank_v2,Ray Lewis,Cheryl Burke,Athlete,Florida,United States,44,28,Withdrew,11,false
James Van Der Beek_S28,James Van Der Beek,28,10,265.4998,26.549979999999998,8.31666,4.821512211329552,3.0,3,rank_v2,James Van Der Beek,Emma Slater,Actor/Actress,Connecticut,United States,42,28,Eliminated Week 10,5,false
Mary Wilson_S28,Mary Wilson,28,2,32.0,16.0,5.333333333333334,1.4142135623730951,8.0,0,rank_v2,Mary Wilson,Brandon Armstrong,Singer/Rapper,Nevada,United States,75,28,Eliminated Week 2,12,false
Hannah Brown_S28,Hannah Brown,28,11,294.4998,26.77270909090909,8.412872727272728,4.740043536815786,3.6363636363636362,1,rank_v2,Hannah Brown,Alan Bersten,TV Personality,Alabama,United States,24,28,1st Place,1,false
Kel Mitchell_S28,Kel Mitchell,28,11,290.4998,26.409072727272726,8.28029696969697,6.015876117256887,3.6363636363636362,1,rank_v2,Kel Mitchell,Witney Carson,Actor/Actress,Illinois,United States,41,28,2nd Place,2,false
Lauren Alaina_S28,Lauren Alaina,28,11,280.5,25.5,7.992424242424241,5.191338940966964,4.909090909090909,0,rank_v2,Lauren Alaina,Gleb Savchenko,Singer/Rapper,Georgia,United States,24,28,4th Place,4,false
Ally Brooke_S28,Ally Brooke,28,11,300.5,27.318181818181817,8.56060606060606,6.325633277675553,2.6363636363636362,5,rank_v2,Ally Brooke,Sasha Farber,Singer/Rapper,Texas,United States,26,28,3rd Place,3,false
Sean Spicer_S28,Sean Spicer,28,9,170.0,18.88888888888889,5.87037037037037,3.919325338768282,8.555555555555555,0,rank_v2,Sean Spicer,Lindsay Arnold,Politician,New York,United States,48,28,Eliminated Week 9,6,false
Sailor Brinkley-Cook_S28,Sailor Brinkley-Cook,28,6,141.0,23.5,7.402777777777779,5.089204259999788,4.666666666666667,1,rank_v2,Sailor Brinkley-Cook,Valentin Chmerkovskiy,Model,New York,United States,21,28,Eliminated Week 6,9,false
Kate Flannery_S28,Kate Flannery,28,8,186.9998,23.374975,7.520825,3.8521598771709513,5.0,0,rank_v2,Kate Flannery,Pasha Pashkov,Actor/Actress,Pennsylvania,United States,55,28,Eliminated Week 8,7,false
Karamo Brown_S28,Karamo Brown,28,7,150.5,21.5,6.833333333333334,4.481443219916251,6.714285714285714,0,rank_v2,Karamo Brown,Jenna Johnson,TV Personality,Texas,United States,38,28,Eliminated Week 7,8,false
Chrishell Stause_S29,Chrishell Stause,29,8,171.0,21.375,7.125,4.596194077712558,8.25,0,rank_v2,Chrishell Stause,Gleb Savchenko,Actor/Actress,Kentucky,United States,39,29,Eliminated Week 8,8,false
Johnny Weir_S29,Johnny Weir,29,10,250.5,25.05,8.35,4.60947092649712,4.3,2,rank_v2,Johnny Weir,Britt Stewart,Athlete,Pennsylvania,United States,36,29,Eliminated Week 10,6,false
Monica Aldama_S29,Monica Aldama,29,7,155.0,22.142857142857142,7.3809523809523805,3.8913824205360674,6.571428571428571,0,rank_v2,Monica Aldama,Valentin Chmerkovskiy,TV Personality,Alabama,United States,48,29,Eliminated Week 7,10,false
Justina Machado_S29,Justina Machado,29,11,275.9996,25.090872727272725,8.363624242424242,3.645643478205435,4.636363636363637,1,rank_v2,Justina Machado,Sasha Farber,Actor/Actress,Illinois,United States,48,29,4th Place,4,false
Jeannie Mai_S29,Jeannie Mai,29,7,153.0,21.857142857142858,7.285714285714286,3.023715784073817,7.571428571428571,0,rank_v2,Jeannie Mai,Brandon Armstrong,TV Personality,California,United States,41,29,Withdrew,9,false
AJ McLean_S29,AJ McLean,29,9,210.9998,23.444422222222222,7.8148074074074065,3.3582287004378446,6.0,0,rank_v2,AJ McLean,Cheryl Burke,Singer/Rapper,Florida,United States,42,29,Eliminated Week 9,7,false
Jesse Metcalfe_S29,Jesse Metcalfe,29,5,98.0,19.6,6.533333333333333,1.1401754250991385,8.8,0,rank_v2,Jesse Metcalfe,Sharna Burgess,Actor/Actress,California,United States,41,29,Eliminated Week 5,12,false
Charles Oakley_S29,Charles Oakley,29,2,27.0,13.5,4.5,2.1213203435596424,14.0,0,rank_v2,Charles Oakley,Emma Slater,Athlete,Ohio,United States,56,29,Eliminated Week 2,15,false
Veron Davis_S29,Veron Davis,29,6,121.0,20.166666666666668,6.722222222222222,2.136976056643281,9.166666666666666,0,rank_v2,Veron Davis,Peta Murgatroyd,Athlete,Washington D.C.,United States,36,29,Eliminated Week 6,11,false
Kaitlyn Bristowe_S29,Kaitlyn Bristowe,29,11,286.0,26.0,8.666666666666666,3.4641016151377544,3.1818181818181817,1,rank_v2,Kaitlyn Bristowe,Artem Chigvintsev,TV Personality,,Canada,35,29,1st Place,1,false
Carole Baskin_S29,Carole Baskin,29,3,39.0,13.0,4.333333333333333,2.6457513110645907,13.666666666666666,0,rank_v2,Carole Baskin,Pasha Pashkov,TV Personality,Texas,United States,59,29,Eliminated Week 3,14,false
Nelly_S29,Nelly,29,11,252.5,22.954545454545453,7.651515151515152,4.221697202870816,7.2727272727272725,0,rank_v2,Nelly,Daniella Karagach,Singer/Rapper,Texas,United States,45,29,3rd Place,3,false
Anne Heche_S29,Anne Heche,29,4,72.0,18.0,6.0,2.449489742783178,10.5,0,rank_v2,Anne Heche,Keo Motsepe,Actor/Actress,Ohio,United States,51,29,Eliminated Week 4,13,false
Skai Jackson_S29,Skai Jackson,29,10,235.4996,23.54996,7.849986666666666,5.155595019695701,6.5,2,rank_v2,Skai Jackson,Alan Bersten,Actor/Actress,New York,United States,18,29,Eliminated Week 10,5,false
Nev Schulman_S29,Nev Schulman,29,11,289.9998,26.363618181818183,8.787872727272728,3.748925179786383,2.4545454545454546,5,rank_v2,Nev Schulman,Jenna Johnson,Producer,New York,United States,35,29,2nd Place,2,false
Jimmie Allen_S30,Jimmie Allen,30,8,243.5,30.4375,7.817708333333334,6.821381824821126,7.375,0,rank_v2,Jimmie Allen,Emma Slater,Singer/Rapper,Delaware,United States,36,30,Eliminated Week 8,7,false
Kenya Moore_S30,Kenya Moore,30,6,168.5,28.083333333333332,7.3125,5.499242372060597,8.166666666666666,0,rank_v2,Kenya Moore,Brandon Armstrong,TV Personality,Michigan,United States,50,30,Eliminated Week 6,10,false
JoJo Siwa_S30,JoJo Siwa,30,10,359.0,35.9,9.175,5.933895104491747,1.9,5,rank_v2,JoJo Siwa,Jenna Johnson,Social Media Personality,Nebraska,United States,18,30,2nd Place,2,false
Suni Lee_S30,Suni Lee,30,9,296.5,32.94444444444444,8.430555555555555,6.277163195088828,4.444444444444445,0,rank_v2,Suni Lee,Sasha Farber,Athlete,Minnesota,United States,18,30,Eliminated Week 9,5,false
Amanda Kloots_S30,Amanda Kloots,30,10,349.5,34.95,8.9375,5.68843856724614,3.0,2,rank_v2,Amanda Kloots,Alan Bersten,TV Personality,Ohio,United States,39,30,4th Place,4,false
Christine Chiu_S30,Christine Chiu,30,3,70.0,23.333333333333332,6.416666666666667,2.081665999466132,9.333333333333334,0,rank_v2,Christine Chiu,Pasha Pashkov,TV Personality,,Taiwan China,38,30,Eliminated Week 3,14,false
Olivia Jade_S30,Olivia Jade,30,8,261.0,32.625,8.40625,6.457277179386724,4.25,2,rank_v2,Olivia Jade,Valentin Chmerkovskiy,Social Media Personality,California,United States,21,30,Eliminated Week 8,8,false
Cody Rigsby_S30,Cody Rigsby,30,10,310.5,31.05,7.9125,6.9938465016676545,8.5,0,rank_v2,Cody Rigsby,Cheryl Burke,Fitness Instructor,California,United States,34,30,3rd Place,3,false
Matt James_S30,Matt James,30,4,94.5,23.625,6.322916666666667,3.637192140465866,11.5,0,rank_v2,Matt James,Lindsay Arnold,Athlete,North Carolina,United States,29,30,Eliminated Week 4,12,false
Melora Hardin_S30,Melora Hardin,30,9,298.5,33.166666666666664,8.50462962962963,6.344288770224761,4.666666666666667,1,rank_v2,Melora Hardin,Artem Chigvintsev,Actor/Actress,Texas,United States,54,30,Eliminated Week 9,6,false
Brian Austin Green_S30,Brian Austin Green,30,4,92.0,23.0,6.145833333333333,2.943920288775949,12.25,0,rank_v2,Brian Austin Green,Sharna Burgess,Actor/Actress,California,United States,48,30,Eliminated Week 4,13,false
Melanie C_S30,Melanie C,30,5,148.0,29.6,7.766666666666666,5.412947441089743,4.8,0,rank_v2,Melanie C,Gleb Savchenko,Singer/Rapper,,England,47,30,Eliminated Week 5,11,false
Iman Shumpert_S30,Iman Shumpert,30,10,311.0,31.1,7.933333333333333,7.589466384404112,7.7,0,rank_v2,Iman Shumpert,Daniella Karagach,Athlete,Illinois,United States,31,30,1st Place,1,false
Martin Kove_S30,Martin Kove,30,2,28.0,14.0,3.5,1.4142135623730951,15.0,0,rank_v2,Martin Kove,Britt Stewart,Actor/Actress,New York,United States,75,30,Eliminated Week 2,15,false
"Mike ""The Miz"" Mizanin_S30","Mike ""The Miz"" Mizanin",30,7,202.5,28.928571428571427,7.494047619047619,4.799553550666382,8.142857142857142,0,rank_v2,"Mike ""The Miz"" Mizanin",Witney Carson,Athlete,Ohio,United States,40,30,Eliminated Week 7,9,false
Heidi D'Amelio_S31,Heidi D'Amelio,31,8,263.0,32.875,8.21875,4.793969425970806,5.75,0,rank_v2,Heidi D'Amelio,Artem Chigvintsev,Social Media Personality,Louisiana,United States,50,31,Eliminated Week 8,8,false
Trevor Donovan_S31,Trevor Donovan,31,9,286.5,31.833333333333332,7.958333333333333,5.958187643906494,6.888888888888889,0,rank_v2,Trevor Donovan,Emma Slater,Actor/Actress,California,United States,39,31,Eliminated Week 9,6,false
Joseph Baena_S31,Joseph Baena,31,5,139.0,27.8,6.95,4.764451699828639,10.2,0,rank_v2,Joseph Baena,Daniella Karagach,Actor/Actress,California,United States,24,31,Eliminated Week 5,11,false
Vinny Guadagnino_S31,Vinny Guadagnino,31,8,215.5,26.9375,6.734375,4.799088455113117,10.875,0,rank_v2,Vinny Guadagnino,Koko Iwasaki,TV Personality,New York,United States,34,31,Eliminated Week 8,7,false
Jason Lewis_S31,Jason Lewis,31,1,18.0,18.0,4.5,,15.0,0,rank_v2,Jason Lewis,Peta Murgatroyd,Actor/Actress,California,United States,51,31,Eliminated Week 1,16,false
Jordin Sparks_S31,Jordin Sparks,31,7,220.0,31.428571428571427,7.857142857142857,3.9626229889280347,7.714285714285714,0,rank_v2,Jordin Sparks,Brandon Armstrong,Singer/Rapper,Arizona,United States,32,31,Eliminated Week 7,9,false
Daniel Durant_S31,Daniel Durant,31,9,293.5,32.611111111111114,8.152777777777779,3.911343900900446,6.555555555555555,0,rank_v2,Daniel Durant,Britt Stewart,Actor/Actress,Michigan,United States,32,31,Eliminated Week 9,5,false
Charli D'Amelio_S31,Charli D'Amelio,31,10,379.0,37.9,9.475,4.458450154232722,1.6,7,rank_v2,Charli D'Amelio,Mark Ballas,Social Media Personality,Connecticut,United States,18,31,1st Place,1,false
Selma Blair_S31,Selma Blair,31,5,156.0,31.2,7.8,5.215361924162119,6.0,0,rank_v2,Selma Blair,Sasha Farber,Actor/Actress,Michigan,United States,50,31,Withdrew,12,false
Cheryl Ladd_S31,Cheryl Ladd,31,3,66.0,22.0,5.5,1.7320508075688772,12.666666666666666,0,rank_v2,Cheryl Ladd,Louis van Amstel,Actor/Actress,South Dakota,United States,71,31,Eliminated Week 3,14,false
Sam Champion_S31,Sam Champion,31,4,96.0,24.0,6.0,2.70801280154532,12.5,0,rank_v2,Sam Champion,Cheryl Burke,News Anchor,Kentucky,United States,61,31,Eliminated Week 4,13,false
Teresa Giudice_S31,Teresa Giudice,31,2,43.0,21.5,5.375,2.1213203435596424,13.5,0,rank_v2,Teresa Giudice,Pasha Pashkov,TV Personality,New Jersey,United States,50,31,Eliminated Week 2,15,false
Shangela_S31,Shangela,31,10,345.5,34.55,8.6375,4.781038938696623,4.6,0,rank_v2,Shangela,Gleb Savchenko,TV Personality,Texas,United States,40,31,4th Place,4,false
Gabby Windey_S31,Gabby Windey,31,10,362.5,36.25,9.0625,4.250816914952283,2.6,3,rank_v2,Gabby Windey,Valentin Chmerkovskiy,TV Personality,Illinois,United States,31,31,2nd Place,2,false
Wayne Brady_S31,Wayne Brady,31,10,362.5,36.25,9.0625,4.614289399969042,3.0,0,rank_v2,Wayne Brady,Witney Carson,Comedian,Georgia,United States,50,31,3rd Place,3,false
Jessie James Decker_S31,Jessie James Decker,31,6,170.0,28.333333333333332,7.083333333333333,5.750362307426086,10.0,0,rank_v2,Jessie James Decker,Alan Bersten,Singer/Rapper,,Italy,34,31,Eliminated Week 6,10,false
Lele Pons_S32,Lele Pons,32,7,186.5,26.642857142857142,7.684523809523809,7.341175460568774,4.285714285714286,0,rank_v2,Lele Pons,Brandon Armstrong,Social Media Personality,,Venezuela,27,32,Eliminated Week 7,8,false
Alyson Hannigan_S32,Alyson Hannigan,32,11,281.0,25.545454545454547,7.318181818181818,7.424468147465331,7.090909090909091,0,rank_v2,Alyson Hannigan,Sasha Farber,Actor/Actress,Washington D.C.,United States,49,32,5th Place,5,false
Ariana Madix_S32,Ariana Madix,32,11,339.5,30.863636363636363,8.840909090909092,7.836105247796603,2.8181818181818183,2,rank_v2,Ariana Madix,Pasha Pashkov,TV Personality,Florida,United States,38,32,3rd Place,3,false
Harry Jowsey_S32,Harry Jowsey,32,9,209.0,23.22222222222222,6.416666666666667,7.120003121097943,9.0,0,rank_v2,Harry Jowsey,Rylee Arnold,TV Personality,,Australia,26,32,Eliminated Week 9,6,false
Xochitl Gomez_S32,Xochitl Gomez,32,11,349.0,31.727272727272727,9.121212121212121,7.603826787755086,2.0,6,rank_v2,Xochitl Gomez,Valentin Chmerkovskiy,Actor/Actress,California,United States,17,32,1st Place,1,false
Tyson Beckford_S32,Tyson Beckford,32,3,50.0,16.666666666666668,5.0,4.163331998932265,10.666666666666666,0,rank_v2,Tyson Beckford,Jenna Johnson,Model,New York,United States,52,32,Eliminated Week 3,12,false
Matt Walsh_S32,Matt Walsh,32,1,12.0,12.0,4.0,,13.0,0,rank_v2,Matt Walsh,Koko Iwasaki,Comedian,Illinois,United States,58,32,Eliminated Week 1,14,false
Mauricio Umansky_S32,Mauricio Umansky,32,6,126.0,21.0,6.222222222222221,7.456540752922899,9.166666666666666,0,rank_v2,Mauricio Umansky,Emma Slater,TV Personality,,Mexico,53,32,Eliminated Week 6,9,false
Jason Mraz_S32,Jason Mraz,32,11,339.5,30.863636363636363,8.886363636363637,6.834072391667025,3.0,2,rank_v2,Jason Mraz,Daniella Karagach,Singer/Rapper,Virginia,United States,46,32,2nd Place,2,false
Charity Lawson_S32,Charity Lawson,32,11,337.0,30.636363636363637,8.825757575757576,6.557785102803038,3.0,1,rank_v2,Charity Lawson,Artem Chigvintsev,TV Personality,Georgia,United States,27,32,4th Place,4,false
Mira Sorvino_S32,Mira Sorvino,32,5,104.0,20.8,6.5,3.5637059362410928,7.2,0,rank_v2,Mira Sorvino,Gleb Savchenko,Actor/Actress,New York,United States,55,32,Eliminated Week 5,10,false
Barry Williams_S32,Barry Williams,32,8,197.5,24.6875,6.932291666666666,7.887320294534222,7.5,0,rank_v2,Barry Williams,Peta Murgatroyd,Actor/Actress,California,United States,68,32,Eliminated Week 8,7,false
Adrian Peterson_S32,Adrian Peterson,32,4,76.0,19.0,5.875,3.1622776601683795,8.25,0,rank_v2,Adrian Peterson,Britt Stewart,Athlete,Texas,United States,38,32,Eliminated Week 4,11,false
Jamie Lynn Spears_S32,Jamie Lynn Spears,32,2,31.0,15.5,5.166666666666666,0.7071067811865476,9.0,0,rank_v2,Jamie Lynn Spears,Alan Bersten,Actor/Actress,Mississippi,United States,32,32,Eliminated Week 2,13,false
Eric Roberts_S33,Eric Roberts,33,3,53.0,17.666666666666668,5.25,4.618802153517006,11.666666666666666,0,rank_v2,Eric Roberts,Britt Stewart,Actor/Actress,California,United States,68,33,Eliminated Week 3,10,false
Dwight Howard _S33,Dwight Howard ,33,7,178.0,25.428571428571427,7.821428571428571,3.4572215654165057,5.571428571428571,0,rank_v2,Dwight Howard ,Daniella Karagach,Athlete,Georgia,United States,38,33,Eliminated Week 7,6,false
Ilona Maher_S33,Ilona Maher,33,9,232.0,25.77777777777778,8.037037037037036,4.25816209701374,5.555555555555555,0,rank_v2,Ilona Maher,Alan Bersten,Athlete,California,United States,28,33,2nd Place,2,false
Stephen Nedoroscik_S33,Stephen Nedoroscik,33,9,242.0,26.88888888888889,8.37037037037037,4.021642837337884,3.7777777777777777,0,rank_v2,Stephen Nedoroscik,Rylee Arnold,Athlete,Florida,United States,26,33,4th Place,4,false
Tori Spelling_S33,Tori Spelling,33,2,36.0,18.0,6.0,1.4142135623730951,10.5,0,rank_v2,Tori Spelling,Pasha Pashkov,Actor/Actress,California,United States,51,33,Eliminated Week 2,12,false
Brooks Nader_S33,Brooks Nader,33,4,100.5,25.125,7.072916666666667,7.145802963978227,7.0,0,rank_v2,Brooks Nader,Gleb Savchenko,Model,New York,United States,27,33,Eliminated Week 4,9,false
Joey Graziadei_S33,Joey Graziadei,33,9,258.0,28.666666666666668,8.898148148148147,5.2141634036535525,2.5555555555555554,1,rank_v2,Joey Graziadei,Jenna Johnson,TV Personality,Louisiana,United States,29,33,1st Place,1,false
Phaedra Parks_S33,Phaedra Parks,33,5,124.0,24.8,7.266666666666666,5.263078946776306,6.8,0,rank_v2,Phaedra Parks,Val Chmerkovskiy,TV Personality,Georgia,United States,51,33,Eliminated Week 5,8,false
Jenn Tran_S33,Jenn Tran,33,6,157.5,26.25,7.875,6.064239441183041,5.0,0,rank_v2,Jenn Tran,Sasha Farber,TV Personality,Florida,United States,26,33,Eliminated Week 6,7,false
Reginald VelJohnson_S33,Reginald VelJohnson,33,3,52.0,17.333333333333332,5.194444444444444,3.214550253664319,12.0,0,rank_v2,Reginald VelJohnson,Emma Slater,Actor/Actress,New York,United States,74,33,Eliminated Week 3,10,false
Chandler Kinney_S33,Chandler Kinney,33,9,261.5,29.055555555555557,9.069444444444445,3.7950991789119,1.7777777777777777,7,rank_v2,Chandler Kinney,Brandon Armstrong,Actor/Actress,California,United States,24,33,3rd Place,3,false
Anna Delvey_S33,Anna Delvey,33,2,35.0,17.5,5.833333333333334,0.7071067811865476,9.5,0,rank_v2,Anna Delvey,Ezra Sosa,Con artist,,Russia,33,33,Eliminated Week 2,12,false
Danny Amendola_S33,Danny Amendola,33,9,241.0,26.77777777777778,8.314814814814817,4.757304325397361,4.777777777777778,1,rank_v2,Danny Amendola,Witney Carson,Athlete,Texas,United States,39,33,5th Place,5,false
Lauren Jauregui_S34,Lauren Jauregui,34,3,52.0,17.333333333333332,6.5,4.041451884327381,7.333333333333333,0,rank_v2,Lauren Jauregui,Brandon Armstrong,Singer/Rapper,Florida,United States,29,34,Eliminated Week 3,12,false
Alix Earle_S34,Alix Earle,34,11,331.5,30.136363636363637,8.791666666666666,9.203507236621563,3.272727272727273,2,rank_v2,Alix Earle,Val Chmerkovskiy (Joey Graziadei week 9),Social media personality,Florida,United States,24,34,2nd Place,2,false
Andy Richter_S34,Andy Richter,34,9,204.0,22.666666666666668,6.398148148148148,7.937253933193772,10.333333333333334,0,rank_v2,Andy Richter,Emma Slater/Kaitlyn Bristowe (week 9),Comedian,California,United States,59,34,Eliminated Week 9,7,false
Scott Hoying_S34,Scott Hoying,34,6,129.0,21.5,6.638888888888889,7.20416546173115,9.166666666666666,0,rank_v2,Scott Hoying,Rylee Arnold,Singer/Rapper,California,United States,34,34,Eliminated Week 6,10,false
Baron Davis_S34,Baron Davis,34,2,28.0,14.0,5.5,5.656854249492381,10.5,0,rank_v2,Baron Davis,Britt Stewart,Athlete,California,United States,46,34,Eliminated Week 2,13,false
Corey Feldman_S34,Corey Feldman,34,2,24.0,12.0,4.75,4.242640687119285,14.0,0,rank_v2,Corey Feldman,Jenna Johnson,Actor/Actress,California,United States,54,34,Eliminated Week 2,13,false
Elaine Hendrix_S34,Elaine Hendrix,34,11,306.9998,27.909072727272726,8.1856,7.806463056863961,5.818181818181818,0,rank_v2,Elaine Hendrix,Alan Bersten (Rashad Jennings week 9),Actor/Actress,Georgia,United States,55,34,5th Place,5,false
Danielle Fishel_S34,Danielle Fishel,34,8,210.0,26.25,7.572916666666666,9.300537618869138,7.625,0,rank_v2,Danielle Fishel,Pasha Pashkov,Actor/Actress,California,United States,44,34,Eliminated Week 8,8,false
Jen Affleck_S34,Jen Affleck,34,7,171.0,24.428571428571427,7.297619047619047,7.764387566686397,7.285714285714286,0,rank_v2,Jen Affleck,Jan Ravnik,TV Personality,Utah,United States,26,34,Eliminated Week 7,9,false
Robert Irwin_S34,Robert Irwin,34,11,332.1666,30.196963636363638,8.838381818181817,8.982952822682831,3.3636363636363638,3,rank_v2,Robert Irwin,Witney Carson (Xoshitl Gomez week 9),Conservationist,,Australia,22,34,1st Place,1,false
Jordan Chiles_S34,Jordan Chiles,34,11,325.1666,29.5606,8.588381818181817,9.204549742382842,3.8181818181818183,1,rank_v2,Jordan Chiles,Ezra Sosa (Apolo Anton Ohno week 9),Athlete,Texas,United States,24,34,3rd Place,3,false
Dylan Efron_S34,Dylan Efron,34,11,318.8332,28.98483636363636,8.404036363636363,9.515032805752456,5.2727272727272725,1,rank_v2,Dylan Efron,Daniella Karagach (Rumer Willis week 9),TV Personality,California,United States,33,34,4th Place,4,false
Whitney Leavitt_S34,Whitney Leavitt,34,10,310.5,31.05,8.970833333333333,9.476432755936052,2.0,4,rank_v2,Whitney Leavitt,Mark Ballas,TV Personality,Utah,United States,32,34,Eliminated Week 10,6,false
Hilaria Baldwin_S34,Hilaria Baldwin,34,4,80.0,20.0,7.25,4.08248290463863,5.25,0,rank_v2,Hilaria Baldwin,Gleb Savchenko,Entrepreneur,New York,United States,41,34,Eliminated Week 4,11,false
